Line,Source,Target,Reactance,Flow Limit (MW),Vulnerable?,Zone
1,688,1,0.01746200,540,0,1
2,28,2,0.00012500,737,0,2
3,656,2,0.00187700,2487,1,2
4,1232,2,0.00323400,1841,1,2
5,29,2,0.00012500,737,0,2
6,137,3,0.04106700,446,1,1
7,658,3,0.00436900,558,1,1
8,1014,4,0.03408900,99999,0,2
9,99,5,0.00201500,288,1,2
10,278,6,0.03399500,289,1,2
11,320,6,0.01983200,255,1,2
12,716,5,0.03506000,288,1,2
13,739,5,0.03286900,255,1,2
14,1289,6,0.00873100,99999,0,2
15,1307,5,0.00312100,99999,0,2
16,1478,6,0.01613800,288,1,2
17,100,8,0.00090700,1034,0,2
18,308,8,0.00672600,1786,1,2
19,607,8,0.00801200,2462,1,2
20,854,8,0.00918000,1644,1,2
21,101,7,0.00074100,1095,0,2
22,607,8,0.00801900,2462,1,2
23,607,7,0.01312300,1433,0,2
24,112,9,0.00067200,331,0,1
25,1094,9,0.00008900,268,0,1
26,337,10,0.02862200,455,1,2
27,336,10,0.02858300,455,1,2
28,105,11,0.00051400,99999,0,1
29,737,12,0.00215300,452,1,1
30,934,12,0.00086900,481,1,1
31,927,13,0.00083000,268,1,1
32,967,13,0.00061200,268,1,1
33,38,14,0.01175300,424,1,1
34,1383,14,0.01161500,290,1,1
35,1020,16,0.00077000,379,0,1
36,1020,15,0.00077000,379,0,1
37,1383,17,0.00343700,290,1,1
38,1387,17,0.03687900,522,1,1
39,38,17,0.00345700,418,1,1
40,842,18,0.01118000,304,1,1
41,1054,18,0.00312100,270,1,1
42,1124,20,0.00014400,701,0,1
43,1124,19,0.00016200,251,0,1
44,944,21,0.00116500,405,0,1
45,464,22,0.03792600,492,1,1
46,1452,22,0.01165400,492,1,1
47,69,23,0.00946200,463,1,1
48,434,23,0.00693300,432,1,1
49,589,23,0.02873300,432,1,1
50,959,23,0.01062700,481,1,1
51,821,24,0.00353600,506,0,2
52,821,25,0.00353600,506,0,2
53,120,26,0.02038500,99999,1,2
54,1434,26,0.04886900,351,1,2
55,1455,26,0.01625700,311,0,2
56,281,27,0.00341700,452,1,1
57,299,27,0.00719800,448,1,1
58,1406,27,0.00243600,348,0,1
59,281,27,0.00345700,356,1,1
60,299,27,0.00724900,540,1,1
61,1405,27,0.00246900,405,0,1
62,299,27,0.00726900,540,1,1
63,818,30,0.01169400,467,1,2
64,932,30,0.00713100,413,0,2
65,1230,30,0.00859300,541,1,2
66,1231,30,0.00859300,541,1,2
67,1231,30,0.00853300,541,1,2
68,207,31,0.00092800,99999,0,2
69,317,31,0.00159000,422,1,2
70,1113,31,0.00171100,385,1,2
71,1130,31,0.00335800,385,1,2
72,335,33,0.00104700,452,1,1
73,477,32,0.00047400,452,0,1
74,927,33,0.00223200,452,1,1
75,1218,34,0.10683600,99999,1,2
76,1394,34,0.02075600,99999,1,2
77,822,35,0.00511800,389,1,2
78,822,35,0.00523500,419,1,2
79,223,36,0.01946000,1579,1,2
80,465,37,0.00877000,321,1,2
81,1139,37,0.04318000,321,1,2
82,131,38,0.03245400,487,0,1
83,189,38,0.04274600,418,0,1
84,203,38,0.03124900,327,1,1
85,288,39,0.00765200,2487,1,1
86,745,39,0.02163400,2487,1,1
87,922,39,0.01430100,2487,1,1
88,1243,39,0.01531200,2487,1,1
89,288,39,0.00757600,2487,1,1
90,745,39,0.02163300,2487,1,1
91,922,39,0.01428700,2487,1,1
92,1242,39,0.01533900,2487,1,1
93,1243,39,0.01787400,1382,1,1
94,543,40,0.00347700,254,0,2
95,1374,41,0.00418800,471,0,1
96,1374,42,0.00414800,471,0,1
97,1006,43,0.00440500,541,1,1
98,1476,43,0.00460200,304,1,1
99,1006,43,0.00444400,440,1,1
100,1479,44,0.01321500,541,1,1
101,1480,44,0.01303700,99999,1,1
102,1279,45,0.01026700,99999,0,2
103,1384,45,0.00751100,99999,0,2
104,48,47,0.00019800,261,0,1
105,48,46,0.00019800,261,0,1
106,269,48,0.00092800,99999,0,1
107,290,48,0.01090400,352,1,1
108,310,48,0.00201500,428,1,1
109,360,48,0.00156000,426,1,1
110,592,48,0.00017800,99999,0,1
111,812,48,0.01244400,935,1,1
112,1189,48,0.00213300,268,0,1
113,1336,48,0.00069100,387,1,1
114,1365,48,0.00517500,323,1,1
115,269,48,0.00092800,99999,0,1
116,812,48,0.01211500,943,1,1
117,1334,48,0.00021700,323,0,1
118,1333,48,0.00021700,323,0,1
119,1129,49,0.00094800,348,0,1
120,684,50,0.00707600,302,0,2
121,1226,50,0.01145700,315,0,2
122,394,51,0.00969900,566,1,1
123,415,51,0.00954100,566,1,1
124,446,52,0.02822700,440,1,1
125,744,52,0.00800000,575,1,1
126,1484,52,0.02722000,440,1,1
127,745,53,0.00191100,2487,1,1
128,1371,53,0.00332300,2487,1,1
129,1064,55,0.00225200,406,0,2
130,1064,54,0.00225200,406,0,2
131,95,56,0.03069600,541,1,1
132,312,56,0.04478000,405,1,1
133,790,56,0.07832100,362,1,1
134,1246,56,0.04869100,354,1,1
135,448,57,0.05933800,409,1,2
136,804,57,0.05663200,262,1,2
137,1384,58,0.00115600,99999,0,2
138,1055,60,0.00167900,99999,0,2
139,1055,59,0.00167900,99999,0,2
140,693,61,0.00057300,99999,0,2
141,998,62,0.00483600,432,0,1
142,970,63,0.00855300,346,0,2
143,333,65,0.00065200,99999,0,1
144,866,64,0.00073100,385,0,1
145,1226,66,0.01261600,302,0,2
146,1351,67,0.02973600,303,1,1
147,1498,67,0.03043000,380,1,1
148,394,69,0.01473600,565,1,1
149,456,68,0.00383800,507,0,1
150,768,68,0.02030600,566,1,1
151,1305,69,0.01552600,549,1,1
152,1435,68,0.00896800,566,1,1
153,457,68,0.00391100,415,0,1
154,622,68,0.01270100,501,1,1
155,541,70,0.00671700,1725,1,1
156,769,70,0.00709800,1916,1,1
157,1375,70,0.00463100,2275,1,1
158,769,70,0.00620100,2487,1,1
159,1370,70,0.01929800,2275,1,1
160,197,72,0.00110600,461,1,1
161,365,71,0.00193000,407,0,1
162,393,71,0.00090900,428,1,1
163,954,71,0.00356000,416,1,1
164,1066,72,0.00126400,416,1,1
165,818,73,0.00138300,420,0,2
166,818,74,0.00140200,420,0,2
167,377,75,0.00869100,525,1,2
168,818,75,0.00466200,541,1,2
169,78,76,0.00041500,434,1,1
170,292,77,0.00010400,1063,0,1
171,424,77,0.00458400,2357,1,1
172,685,77,0.00917900,2487,1,1
173,424,77,0.00458400,2357,1,1
174,685,77,0.00924500,2487,1,1
175,294,77,0.00010400,1382,0,1
176,293,77,0.00010400,1382,0,1
177,423,78,0.01733300,418,1,1
178,1006,78,0.06261700,471,1,1
179,1386,79,0.00009900,405,0,1
180,1385,80,0.00009900,99999,0,1
181,724,81,0.00258800,388,0,1
182,1387,82,0.00019800,566,0,1
183,610,83,0.00077000,272,0,1
184,175,84,0.00784200,296,1,2
185,829,84,0.01497900,401,1,2
186,1146,85,0.00258800,99999,0,2
187,1147,85,0.00258800,99999,0,2
188,538,86,0.01485500,1717,0,2
189,538,86,0.01389900,1711,0,2
190,505,87,0.02028600,420,1,2
191,843,87,0.01603000,440,1,2
192,1258,88,0.00138500,378,0,2
193,1308,88,0.01264200,440,0,2
194,1308,88,0.01250200,502,0,2
195,275,89,0.02448900,99999,1,2
196,454,89,0.08395600,99999,1,2
197,708,89,0.05848900,99999,1,2
198,1294,89,0.02813300,99999,0,2
199,1388,90,0.00401000,471,0,2
200,366,91,0.03239500,99999,1,2
201,1444,91,0.02577800,99999,1,2
202,906,93,0.00664800,2487,0,1
203,922,93,0.00834500,2487,1,1
204,1028,92,0.01569900,2487,1,1
205,1072,93,0.01062300,2487,1,1
206,1243,92,0.01944600,2487,1,1
207,1304,92,0.00397500,2487,1,1
208,907,92,0.00664100,2487,0,1
209,922,92,0.00833800,2487,1,1
210,1028,93,0.01556800,2487,1,1
211,1072,92,0.01062300,2487,1,1
212,1242,93,0.01946700,2487,1,1
213,1304,93,0.00398200,2487,1,1
214,909,92,0.00660000,2487,0,1
215,908,93,0.00659300,2487,0,1
216,1109,94,0.01204900,439,0,2
217,144,95,0.02326900,575,1,1
218,661,96,0.10553800,99999,1,2
219,681,96,0.06712000,99999,1,2
220,682,97,0.04084900,398,0,2
221,1194,98,0.00019800,99999,0,1
222,600,99,0.01280000,357,1,2
223,226,102,0.00019800,99999,0,1
224,927,102,0.00098800,288,0,1
225,227,103,0.00019800,386,0,1
226,528,104,0.01649200,434,0,1
227,612,104,0.00356300,370,0,1
228,751,104,0.02368200,507,1,1
229,1025,104,0.01810800,383,1,1
230,611,104,0.00356300,370,0,1
231,927,105,0.00092800,331,0,1
232,119,106,0.00993600,307,0,2
233,845,106,0.02891800,389,1,2
234,1087,106,0.02469100,584,1,2
235,1128,106,0.03253300,344,0,2
236,1358,106,0.03699800,428,1,2
237,1391,106,0.00989600,428,0,2
238,539,107,0.02923800,2040,1,1
239,580,107,0.01491000,1579,1,2
240,755,107,0.02815100,1487,1,2
241,1088,107,0.00946000,1382,1,2
242,581,107,0.01617000,1579,1,2
243,755,107,0.02816500,1487,1,2
244,1178,107,0.01607300,2040,1,1
245,828,108,0.00231500,99999,0,2
246,140,109,0.00090900,405,0,1
247,222,110,0.01569400,413,1,2
248,760,110,0.04476100,413,1,2
249,751,111,0.02172800,831,1,1
250,1488,111,0.01720500,935,1,1
251,289,112,0.00136300,331,1,1
252,361,112,0.00142200,339,1,1
253,1305,113,0.01195100,432,1,1
254,1390,113,0.00533300,432,1,1
255,384,114,0.01001500,540,0,1
256,403,114,0.02114600,540,1,1
257,1300,114,0.01076500,540,1,1
258,1469,114,0.01720100,540,1,1
259,129,114,0.00144200,545,0,1
260,1300,114,0.01072600,535,1,1
261,128,114,0.00108600,545,0,1
262,633,115,0.00945300,2487,1,1
263,752,115,0.03536000,1579,1,1
264,1324,115,0.00805400,2487,1,1
265,633,115,0.00938400,2487,1,1
266,1325,115,0.00806100,2487,1,1
267,130,115,0.00037400,921,0,1
268,962,116,0.06955100,391,1,1
269,997,116,0.07036100,412,1,1
270,821,117,0.01046900,461,1,2
271,988,117,0.01017300,482,1,2
272,1260,118,0.00657000,1633,1,2
273,1260,118,0.00657200,1633,1,2
274,606,120,0.01532800,288,1,2
275,695,121,0.02922600,99999,1,2
276,1442,121,0.01285000,99999,1,2
277,1392,122,0.00009700,473,0,2
278,152,123,0.00019800,288,0,1
279,153,127,0.00014500,1382,0,1
280,153,124,0.00015900,1382,0,1
281,153,125,0.00016600,1737,0,1
282,153,126,0.00018000,1382,0,1
283,821,132,0.00217700,405,0,2
284,815,133,0.01424700,2389,1,1
285,862,133,0.00648900,2487,1,1
286,887,133,0.00015200,2487,0,1
287,814,133,0.01462000,2487,1,1
288,863,133,0.00648900,2487,1,1
289,888,133,0.00010400,2487,0,1
290,385,134,0.00964000,399,0,2
291,398,134,0.00841500,502,0,2
292,788,134,0.01218800,292,1,2
293,789,134,0.00706400,433,1,2
294,1204,134,0.01671100,433,1,2
295,1441,134,0.01493300,384,1,2
296,385,134,0.00965900,399,0,2
297,258,135,0.00547200,1429,1,2
298,798,135,0.00473700,1711,1,2
299,366,136,0.00371400,482,1,2
300,405,136,0.02014800,369,1,2
301,1240,136,0.03488400,369,1,2
302,1272,136,0.00428600,482,1,2
303,366,136,0.00371400,482,1,2
304,958,136,0.00535300,99999,0,2
305,1272,136,0.00454300,482,1,2
306,891,137,0.02787200,485,1,1
307,1295,137,0.02218300,471,1,1
308,1295,137,0.02218300,541,1,1
309,385,138,0.00081000,434,0,2
310,385,139,0.00098800,271,0,2
311,790,140,0.02242000,471,1,1
312,1479,140,0.02293300,540,1,1
313,804,141,0.00967900,296,0,2
314,804,142,0.00957600,296,0,2
315,504,143,0.00138300,99999,0,2
316,1071,144,0.01129900,575,1,1
317,405,145,0.02263700,384,1,2
318,844,145,0.01566400,384,1,2
319,175,146,0.00154100,99999,0,2
320,344,148,0.03427200,935,1,2
321,482,149,0.02378300,369,1,2
322,890,149,0.01882500,519,1,2
323,994,149,0.04310100,482,1,2
324,1200,149,0.01101800,519,1,2
325,148,147,0.00008800,935,1,2
326,955,150,0.00163200,2450,1,2
327,426,151,0.01773800,99999,0,1
328,610,151,0.00242400,575,0,1
329,425,151,0.01773800,99999,0,1
330,610,151,0.00265700,575,0,1
331,830,153,0.00825500,1579,1,1
332,951,153,0.00999300,2368,1,1
333,380,153,0.00645400,2368,1,1
334,950,153,0.00999300,2368,1,1
335,380,153,0.00676600,2368,1,1
336,380,153,0.00677300,2368,1,1
337,952,154,0.00461400,380,0,1
338,919,155,0.01293000,428,1,2
339,1308,155,0.03089000,428,1,2
340,159,158,0.00197500,337,0,1
341,159,156,0.00197500,335,0,1
342,159,157,0.00197500,335,0,1
343,762,159,0.02395600,535,1,1
344,979,159,0.01710600,471,0,1
345,1408,159,0.04145200,515,1,1
346,1455,160,0.00019800,99999,0,2
347,640,161,0.00551100,325,0,2
348,558,162,0.06506700,328,1,2
349,804,162,0.01648400,325,1,2
350,978,162,0.05657300,328,1,2
351,1415,162,0.01615800,328,1,2
352,1419,162,0.01491400,305,0,2
353,1497,162,0.03464700,328,1,2
354,804,162,0.01625700,418,1,2
355,274,162,0.01546700,309,0,2
356,755,163,0.04946700,1188,1,2
357,1086,163,0.01482100,1171,1,2
358,739,164,0.01482300,99999,0,2
359,1394,165,0.00324400,99999,0,2
360,1393,167,0.00019800,99999,0,1
361,1395,166,0.00029600,99999,0,1
362,1369,168,0.00623600,441,0,1
363,1085,173,0.00079000,252,0,2
364,1085,172,0.00079000,252,0,2
365,1085,171,0.00098800,252,0,2
366,1085,170,0.00098800,252,0,2
367,1085,169,0.00098800,252,0,2
368,1086,174,0.00102600,394,0,2
369,930,175,0.01093900,296,1,2
370,748,176,0.00175800,507,1,1
371,1047,176,0.01112100,408,1,1
372,1205,180,0.00017300,99999,0,2
373,1206,179,0.00018700,99999,0,2
374,1205,177,0.00020100,99999,0,2
375,1206,178,0.00020100,99999,0,2
376,998,181,0.03500200,487,0,1
377,465,182,0.00930600,340,1,2
378,742,182,0.02182700,325,1,2
379,1396,183,0.00009900,394,0,1
380,539,184,0.00013200,1842,0,1
381,539,185,0.00010400,1842,0,1
382,1235,186,0.00057300,268,0,1
383,655,188,0.00389100,414,0,2
384,655,187,0.00389100,414,0,2
385,1398,191,0.01280000,292,0,2
386,1407,192,0.01580300,558,0,1
387,481,193,0.02452400,404,1,1
388,570,193,0.04326500,558,1,1
389,1143,193,0.05398500,558,1,1
390,1433,193,0.03026200,485,1,1
391,1200,194,0.00497800,99999,0,2
392,259,195,0.01683000,306,1,1
393,1174,195,0.00993600,99999,0,1
394,1287,195,0.03970400,274,1,1
395,224,196,0.05388600,311,1,1
396,687,196,0.02372400,540,1,1
397,729,196,0.04142200,362,1,1
398,1136,196,0.01700700,413,1,1
399,1485,196,0.02672600,413,1,1
400,688,196,0.01825200,604,1,1
401,688,196,0.01752100,935,1,1
402,435,197,0.00008800,99999,0,1
403,1116,197,0.00464200,461,1,1
404,465,198,0.01105800,363,1,2
405,742,198,0.00946000,363,1,2
406,709,199,0.00912600,482,1,2
407,1288,199,0.01082500,470,1,2
408,709,199,0.00942200,482,1,2
409,1288,199,0.01096300,470,1,2
410,118,200,0.01079800,1355,1,2
411,118,200,0.01079600,1355,1,2
412,992,201,0.00069000,99999,0,1
413,1066,201,0.00130400,99999,0,1
414,203,202,0.00019800,471,0,1
415,1149,203,0.02488900,327,1,1
416,428,204,0.01355100,449,1,1
417,1018,204,0.05645400,362,1,1
418,1036,204,0.00391100,304,0,1
419,1037,204,0.00391100,304,0,1
420,1494,204,0.00671200,541,1,1
421,1397,205,0.00409300,507,0,1
422,467,206,0.00259600,342,0,2
423,190,208,0.02139300,292,0,2
424,212,208,0.00730900,292,0,2
425,246,208,0.00460200,430,0,2
426,552,208,0.01147700,333,0,2
427,1297,208,0.01137800,333,1,2
428,1402,208,0.00233100,333,1,2
429,1410,208,0.01908200,423,1,2
430,529,208,0.02903700,423,1,2
431,1398,208,0.00975800,292,0,2
432,258,209,0.01587400,1711,1,2
433,347,209,0.01286000,1611,1,2
434,255,210,0.00012500,552,0,2
435,544,210,0.00768700,1355,0,2
436,1398,211,0.00327900,292,0,2
437,413,214,0.00191600,541,0,2
438,413,213,0.00193600,541,0,2
439,1021,215,0.00120500,257,0,2
440,436,216,0.00744700,322,1,1
441,1016,216,0.00596500,575,1,1
442,467,217,0.00353600,541,0,2
443,1399,218,0.00118500,482,0,2
444,598,219,0.00640000,99999,0,1
445,997,220,0.00210800,546,1,1
446,340,221,0.02938500,1579,1,1
447,764,221,0.02073500,1987,1,1
448,760,222,0.06021900,413,1,2
449,822,222,0.06672600,736,1,2
450,865,222,0.03047900,420,0,2
451,865,222,0.02903700,389,0,2
452,1110,223,0.01759700,1932,1,2
453,1110,223,0.01741000,1932,1,2
454,998,224,0.02417800,566,1,1
455,718,225,0.01215400,1708,1,1
456,769,225,0.01399600,1917,1,1
457,882,227,0.00152100,335,0,1
458,914,227,0.00050600,272,0,1
459,1133,228,0.00620200,440,0,1
460,1133,229,0.00620200,507,0,1
461,1401,230,0.00019800,471,0,1
462,1400,231,0.00019800,540,0,1
463,565,232,0.00723000,335,1,1
464,817,233,0.02234100,540,1,1
465,983,232,0.02093800,335,1,1
466,1241,232,0.00896800,935,1,1
467,1502,233,0.02281500,300,0,1
468,1241,233,0.00841500,935,1,1
469,616,234,0.00142200,99999,0,1
470,824,235,0.00108600,99999,0,1
471,1138,235,0.00067200,99999,0,1
472,376,237,0.00715600,99999,0,2
473,1324,238,0.00486800,2487,0,1
474,1324,239,0.00489200,2487,0,1
475,1325,240,0.00481400,2487,0,1
476,1325,241,0.00484300,2487,0,1
477,969,242,0.00138300,99999,0,1
478,1124,242,0.00108400,403,0,1
479,651,244,0.06615300,336,1,2
480,682,243,0.00995600,336,1,2
481,682,243,0.00922500,422,1,2
482,682,244,0.00934300,422,1,2
483,761,245,0.02022300,2487,1,2
484,1309,245,0.02217700,2487,1,2
485,761,245,0.02016600,2487,1,2
486,1309,245,0.02216800,2487,1,2
487,863,247,0.02217400,1397,1,1
488,921,247,0.00111500,1486,1,1
489,944,251,0.02113600,460,1,1
490,963,251,0.00369400,540,1,1
491,1437,248,0.00568900,720,1,1
492,1449,251,0.00450400,437,1,1
493,1450,251,0.00450400,524,1,1
494,1436,248,0.00568900,720,1,1
495,1424,250,0.00843500,935,1,1
496,1425,249,0.00855300,935,1,1
497,791,253,0.00709100,1579,1,1
498,1243,253,0.00637800,1579,1,1
499,791,252,0.00711900,1579,1,1
500,1242,252,0.00640600,1579,1,1
501,1317,254,0.01384700,540,0,1
502,1317,254,0.01384700,540,0,1
503,287,256,0.00564900,558,1,1
504,339,256,0.01489400,558,1,1
505,731,257,0.01115100,333,1,2
506,1402,257,0.03148600,333,1,2
507,347,258,0.02882900,1611,1,2
508,353,258,0.02423300,1567,1,2
509,607,258,0.01417500,2487,1,2
510,798,258,0.00289100,1308,1,2
511,980,258,0.00988600,1711,1,2
512,1206,258,0.00395100,1579,1,2
513,353,258,0.01912000,1567,1,2
514,607,258,0.01417700,2487,1,2
515,798,258,0.00255300,1579,1,2
516,980,258,0.00989100,1711,1,2
517,1205,258,0.00395400,1579,1,2
518,1205,258,0.00400300,1579,1,2
519,1206,258,0.00400300,1711,1,2
520,408,259,0.02085900,406,1,1
521,408,259,0.02200500,406,1,1
522,408,259,0.02080000,492,1,1
523,1310,261,0.00504800,1380,1,1
524,1310,260,0.00504200,1380,1,1
525,488,263,0.01088400,321,1,2
526,1139,263,0.01827200,302,1,2
527,355,264,0.05044200,325,1,2
528,586,264,0.01392600,604,1,2
529,586,264,0.01392600,604,1,2
530,424,265,0.01733400,1579,1,1
531,685,265,0.00404400,2487,1,1
532,1007,265,0.01049900,2487,1,1
533,1345,265,0.01425200,1579,1,1
534,685,265,0.00404400,2487,1,1
535,1007,265,0.01050500,2487,1,1
536,1044,266,0.01287900,535,0,1
537,1198,267,0.00110600,471,0,1
538,310,268,0.00084900,428,1,1
539,332,269,0.00069100,311,0,1
540,1326,268,0.00130400,404,0,1
541,1336,268,0.00061200,387,1,1
542,1293,271,0.00711100,298,1,2
543,580,272,0.01287400,1611,1,2
544,980,272,0.01002100,2487,1,2
545,1206,272,0.01202900,1711,1,2
546,445,272,0.00672600,2487,1,2
547,581,272,0.01287400,1611,1,2
548,1205,272,0.01202900,1711,1,2
549,1415,273,0.00031600,328,0,2
550,1081,275,0.00884400,99999,1,2
551,1201,275,0.00031100,99999,0,2
552,1482,277,0.00067200,257,0,1
553,1481,276,0.00069100,257,0,1
554,542,278,0.03182200,289,1,2
555,388,280,0.00019800,99999,0,1
556,388,279,0.00019800,99999,0,1
557,1129,281,0.02168900,452,1,1
558,396,282,0.01641500,354,0,1
559,868,282,0.02834600,356,1,1
560,917,282,0.00883000,99999,0,1
561,1076,282,0.03660300,369,1,1
562,1362,282,0.00588600,99999,0,1
563,396,282,0.01572400,428,0,1
564,1361,282,0.00574800,99999,0,1
565,396,282,0.01576300,440,0,1
566,1032,282,0.00233100,356,0,1
567,834,282,0.00119900,307,0,1
568,833,282,0.00118900,307,0,1
569,286,283,0.00020800,1828,1,1
570,300,283,0.01414100,1191,1,1
571,1033,285,0.00085900,1204,0,1
572,1221,284,0.02130200,1566,1,1
573,1338,285,0.01687000,1659,1,1
574,1403,284,0.00018700,1828,1,1
575,286,284,0.00020800,1828,1,1
576,300,283,0.01412000,1191,1,1
577,815,285,0.01094900,1711,1,1
578,863,285,0.01734800,1828,1,1
579,1221,285,0.01847600,1842,1,1
580,1221,285,0.01832400,1842,1,1
581,339,287,0.02001000,524,1,1
582,787,287,0.04079000,558,1,1
583,1023,287,0.03055200,558,1,1
584,1316,287,0.00966100,355,1,1
585,1416,287,0.01321700,400,1,1
586,1443,287,0.02514600,391,1,1
587,541,288,0.00540900,2487,1,1
588,689,288,0.01387100,1828,1,1
589,1371,288,0.02188400,1917,1,1
590,541,288,0.00544300,2487,1,1
591,689,288,0.01383000,1828,1,1
592,1370,288,0.02187700,1917,1,1
593,333,289,0.00294300,99999,0,1
594,361,289,0.00084900,331,1,1
595,867,289,0.00274600,99999,0,1
596,1090,289,0.00233100,272,0,1
597,1340,289,0.00960000,335,1,1
598,1365,290,0.00610400,323,1,1
599,360,290,0.00084900,268,1,1
600,1091,290,0.00254800,272,0,1
601,1340,289,0.00956000,335,1,1
602,1340,289,0.00879000,833,1,1
603,1457,289,0.00509600,935,1,1
604,607,291,0.00261800,921,0,2
605,423,295,0.05244400,401,1,1
606,771,295,0.02056300,558,1,1
607,1023,295,0.02523500,558,1,1
608,1367,295,0.03219700,357,1,1
609,423,295,0.07176300,372,1,1
610,718,296,0.00700800,2487,0,1
611,718,297,0.00643400,2487,0,1
612,778,298,0.01728400,507,0,1
613,778,298,0.01856800,388,0,1
614,713,299,0.00534500,440,1,1
615,738,299,0.01708400,471,1,1
616,713,299,0.00504700,440,1,1
617,535,300,0.00971600,2487,1,1
618,1341,300,0.00470900,1774,1,1
619,535,300,0.00970900,2487,1,1
620,1341,300,0.00475800,1774,1,1
621,1341,300,0.00503500,1397,1,1
622,828,301,0.02986300,439,0,2
623,1296,303,0.00020800,2487,0,1
624,1296,302,0.00024200,2487,0,1
625,503,304,0.01514900,472,1,2
626,648,304,0.00533300,473,1,2
627,603,305,0.00497800,575,1,1
628,746,305,0.01169400,558,1,1
629,603,305,0.00434600,575,1,1
630,415,306,0.00266700,374,0,1
631,415,307,0.00268000,432,0,1
632,971,308,0.01211300,1786,1,2
633,430,309,0.02324900,416,1,2
634,594,309,0.04223200,415,1,2
635,1404,311,0.00008900,99999,0,2
636,349,312,0.01728400,471,0,1
637,1382,312,0.03642700,379,1,1
638,640,313,0.01446100,376,1,2
639,1321,313,0.03082900,376,1,2
640,687,314,0.02878000,370,1,1
641,817,314,0.01760000,354,1,1
642,1358,315,0.01475600,99999,0,2
643,997,316,0.04385200,391,1,1
644,1153,316,0.02022700,391,1,1
645,1010,317,0.00075100,426,1,2
646,351,319,0.01807400,311,1,2
647,802,319,0.01552600,253,1,2
648,913,319,0.00154100,420,1,2
649,600,320,0.00642000,455,1,2
650,739,320,0.02145200,255,1,2
651,683,321,0.00047400,278,0,1
652,824,321,0.00077000,311,0,1
653,1406,322,0.00009900,471,0,1
654,1405,323,0.00009900,540,0,1
655,436,324,0.03300700,440,1,1
656,1071,324,0.03721500,575,1,1
657,1256,324,0.02949100,575,1,1
658,1071,324,0.03636500,575,1,1
659,415,325,0.01416300,432,1,1
660,540,325,0.00983700,432,1,1
661,423,326,0.03707600,535,1,1
662,1163,326,0.00320000,471,0,1
663,1407,326,0.00566900,558,1,1
664,423,326,0.03654300,558,1,1
665,423,326,0.03654300,558,1,1
666,981,331,0.02648900,99999,0,2
667,1119,331,0.00351600,99999,0,2
668,1486,331,0.02824700,99999,1,2
669,960,331,0.00721000,270,1,2
670,472,332,0.00057300,259,0,1
671,864,335,0.00073100,420,1,1
672,927,335,0.00235100,288,1,1
673,1437,335,0.00564900,656,1,1
674,864,335,0.00062200,420,1,1
675,927,335,0.00237000,288,1,1
676,1436,335,0.00566900,935,1,1
677,864,334,0.00211400,485,1,1
678,1424,335,0.00205400,935,1,1
679,1425,334,0.00203500,935,1,1
680,953,336,0.01770900,455,1,2
681,1411,337,0.01287900,296,1,2
682,542,336,0.03119000,296,1,2
683,544,338,0.00808500,2487,1,2
684,854,338,0.01456900,1746,1,2
685,591,339,0.01935800,471,1,1
686,962,339,0.02451400,383,1,1
687,997,339,0.10226200,558,1,1
688,1186,339,0.02797000,357,1,1
689,1470,339,0.00728900,487,1,1
690,329,339,0.00088900,935,0,1
691,962,339,0.01900200,558,1,1
692,1443,339,0.00677500,558,1,1
693,327,339,0.00083000,935,0,1
694,328,339,0.00065200,935,0,1
695,424,340,0.03152400,1579,1,1
696,721,340,0.01176700,1579,1,1
697,424,340,0.03172400,1579,1,1
698,722,340,0.01172800,1579,1,1
699,763,340,0.04996400,1579,1,1
700,330,340,0.00024900,921,0,1
701,342,341,0.00472100,354,0,1
702,812,341,0.00489900,408,0,1
703,803,342,0.01234600,405,0,1
704,355,343,0.03134800,434,1,2
705,1320,343,0.02358500,416,1,2
706,460,344,0.01039000,482,1,2
707,532,344,0.00508600,361,0,2
708,870,344,0.01297800,454,1,2
709,532,344,0.00497800,353,0,2
710,870,344,0.01301700,454,1,2
711,1409,345,0.00069100,274,0,2
712,831,346,0.02015000,561,1,2
713,1202,346,0.02883600,562,1,2
714,372,347,0.00051200,1382,0,2
715,980,347,0.01908800,1611,1,2
716,1232,347,0.01509000,1611,1,2
717,1278,347,0.00934200,1611,1,2
718,371,347,0.00050600,1382,0,2
719,980,347,0.01895400,1611,1,2
720,1278,347,0.00953600,1611,1,2
721,373,347,0.00054700,1382,0,2
722,1278,347,0.00953600,1611,1,2
723,374,347,0.00054700,1382,0,2
724,1410,348,0.00602500,502,0,2
725,466,351,0.00667700,488,1,2
726,585,350,0.06423700,375,1,2
727,802,351,0.02334800,502,1,2
728,913,352,0.00780200,287,1,2
729,1097,350,0.00258800,261,0,2
730,1126,350,0.01580300,287,1,2
731,1142,351,0.01635600,502,0,2
732,1219,351,0.07865700,375,1,2
733,1486,351,0.00156000,99999,1,2
734,466,350,0.00665700,464,1,2
735,960,350,0.02249900,333,1,2
736,1126,352,0.00019800,99999,1,2
737,1302,353,0.00643800,1842,0,2
738,1302,353,0.00643400,1842,0,2
739,513,354,0.01923000,410,1,2
740,542,354,0.07154600,99999,1,2
741,905,354,0.05347200,99999,1,2
742,968,355,0.03772800,411,1,2
743,1229,355,0.00638000,399,0,2
744,1454,355,0.02563900,333,1,2
745,639,356,0.17144400,99999,0,2
746,589,357,0.01876500,575,1,1
747,701,357,0.00310100,575,0,1
748,1374,357,0.01154000,566,1,1
749,1374,357,0.01149600,368,1,1
750,519,358,0.06737800,413,1,1
751,1068,358,0.02448000,413,1,2
752,1388,358,0.04551100,302,0,2
753,1456,358,0.04574800,337,1,1
754,1474,358,0.05309600,331,1,2
755,862,359,0.00627800,1397,1,1
756,1045,359,0.01927200,1711,1,1
757,1322,359,0.02928100,1307,1,1
758,557,361,0.00160000,434,0,1
759,1093,361,0.00110600,268,0,1
760,1252,360,0.00094800,268,0,1
761,544,362,0.01117800,1974,1,2
762,607,362,0.01272200,2200,1,2
763,1205,362,0.00446700,2200,1,2
764,544,363,0.01119200,1842,1,2
765,607,363,0.01271500,2200,1,2
766,1206,363,0.00446700,2200,1,2
767,499,364,0.00019800,99999,0,1
768,1235,365,0.00063200,370,0,1
769,642,367,0.00519500,545,1,1
770,993,367,0.00369400,435,0,1
771,1078,367,0.00100700,99999,0,1
772,1315,367,0.00829600,432,1,1
773,1374,367,0.01696800,566,1,1
774,642,367,0.00493800,471,1,1
775,993,367,0.00363500,566,0,1
776,1077,367,0.00100700,99999,0,1
777,516,368,0.00118500,99999,0,2
778,558,369,0.00057300,329,0,2
779,731,370,0.00416800,440,0,2
780,1411,375,0.00019800,354,0,2
781,387,376,0.00124400,99999,0,2
782,454,376,0.06040000,99999,1,2
783,1074,376,0.06373300,99999,1,2
784,1440,377,0.00822700,525,1,2
785,582,379,0.02706200,438,1,2
786,829,378,0.00689400,865,1,2
787,838,379,0.03061700,455,1,2
788,1280,378,0.05154200,502,1,2
789,431,380,0.03412700,2280,1,2
790,935,380,0.03365600,1559,1,1
791,1110,380,0.01317200,1727,1,2
792,431,380,0.03412700,2280,1,2
793,830,380,0.00270100,1579,1,2
794,1110,380,0.01325500,1727,1,2
795,1317,381,0.01843000,540,0,1
796,585,382,0.01266200,374,1,2
797,1392,382,0.00402400,503,1,2
798,586,383,0.00841500,433,0,2
799,1156,385,0.00138300,99999,0,2
800,408,388,0.03919000,448,1,1
801,1421,388,0.02548200,356,1,1
802,1024,389,0.02101700,528,1,1
803,1044,389,0.03070600,524,1,1
804,1055,391,0.00136300,99999,0,2
805,1055,390,0.00132300,99999,0,2
806,506,392,0.00102400,99999,0,1
807,1124,393,0.00253800,409,1,1
808,1305,394,0.00430600,566,1,1
809,936,395,0.00841500,388,1,1
810,1129,395,0.01424200,440,1,1
811,1348,397,0.00800000,274,0,1
812,1382,399,0.00406700,379,1,1
813,1476,399,0.01368900,541,1,1
814,557,400,0.00073100,99999,0,1
815,403,401,0.00009800,99999,0,1
816,709,402,0.00590600,461,1,2
817,821,402,0.00901500,461,1,2
818,678,403,0.03089400,413,1,1
819,1357,403,0.02538300,540,0,1
820,1320,404,0.02441300,337,1,2
821,1454,404,0.01037000,333,1,2
822,1321,404,0.02639000,413,1,2
823,731,405,0.02411900,384,1,2
824,1272,405,0.01754100,384,1,2
825,731,405,0.02457100,384,1,2
826,271,406,0.00825100,375,1,2
827,1293,406,0.00065200,413,1,2
828,1414,407,0.00697300,354,0,2
829,604,408,0.02964900,348,0,1
830,605,408,0.02963000,348,0,1
831,1421,408,0.01254300,448,1,1
832,535,409,0.00770800,2487,1,1
833,1310,409,0.01169000,1579,1,1
834,1381,409,0.02444600,1828,1,1
835,535,409,0.00770800,2389,1,1
836,1310,409,0.01169000,1579,1,1
837,1341,409,0.01552600,1828,1,1
838,877,410,0.02966900,540,1,1
839,1317,410,0.03448900,540,1,1
840,1280,411,0.03685700,329,1,2
841,1312,411,0.04993600,265,1,2
842,603,412,0.00217300,471,0,1
843,492,413,0.01041000,541,1,2
844,567,413,0.00165900,818,0,2
845,1019,413,0.01256300,378,1,2
846,1026,413,0.00165900,541,0,2
847,492,413,0.00955700,541,1,2
848,1026,413,0.00106700,541,0,2
849,598,414,0.02942200,99999,0,1
850,768,415,0.03637300,420,1,1
851,1306,416,0.00138300,313,0,2
852,1368,417,0.00602300,522,0,1
853,751,420,0.01643100,319,0,1
854,643,421,0.00098800,1363,1,2
855,1263,421,0.00118500,1363,0,2
856,1270,421,0.00098800,1363,1,2
857,1499,422,0.00644000,545,0,1
858,891,423,0.05392600,427,1,1
859,660,424,0.00980300,1579,1,1
860,933,424,0.02083800,1579,1,1
861,659,424,0.00979200,1579,1,1
862,1018,427,0.02907700,448,1,1
863,1261,427,0.01937800,515,1,1
864,1443,428,0.06854300,541,1,1
865,1494,428,0.00691200,449,1,1
866,691,429,0.01320600,2487,1,1
867,721,429,0.01032500,1828,1,1
868,805,429,0.01799700,2487,1,1
869,990,429,0.02539100,1579,1,1
870,1007,429,0.02657500,2389,1,1
871,691,429,0.01321300,2487,1,1
872,722,429,0.01032500,1828,1,1
873,1312,430,0.03467100,428,1,2
874,560,431,0.00030100,2176,0,2
875,698,431,0.00910700,2487,1,2
876,561,431,0.00028000,2176,0,2
877,1309,431,0.01644500,2487,1,2
878,483,432,0.03383700,428,1,2
879,1415,432,0.03008400,430,1,2
880,1416,433,0.00019800,401,0,1
881,700,434,0.00148100,348,0,1
882,1305,434,0.00434600,566,1,1
883,699,434,0.00150100,348,0,1
884,502,436,0.04134300,535,1,1
885,1256,436,0.00809900,575,1,1
886,1256,436,0.00809900,575,1,1
887,1417,437,0.00570900,431,0,1
888,1021,438,0.01250400,482,1,2
889,1064,438,0.00975800,482,1,2
890,1221,440,0.00038800,1842,0,1
891,1221,439,0.00038800,1842,0,1
892,1221,441,0.00038800,1842,0,1
893,1221,442,0.00038800,1842,0,1
894,709,443,0.00389100,461,0,2
895,709,443,0.00381200,461,0,2
896,555,444,0.00570900,420,1,2
897,1059,444,0.01663600,866,1,2
898,1145,444,0.01744200,584,1,2
899,555,444,0.00570900,420,1,2
900,980,445,0.00349000,2250,1,2
901,744,446,0.02526400,575,1,1
902,1149,446,0.02358500,364,1,1
903,1034,447,0.00098800,1363,1,2
904,1277,447,0.00104700,1363,1,2
905,1265,447,0.00128400,1363,0,2
906,754,448,0.08100700,99999,1,1
907,772,448,0.06222200,414,1,2
908,827,448,0.04288400,348,1,1
909,841,448,0.06810900,258,1,2
910,891,448,0.07529900,330,1,1
911,1180,448,0.03516000,379,1,2
912,1287,448,0.07867600,293,1,1
913,804,448,0.11081500,325,1,2
914,755,449,0.02133700,1579,1,1
915,935,449,0.02053300,1579,1,1
916,1296,449,0.01384300,2487,1,1
917,1310,449,0.03175200,1579,1,1
918,1296,449,0.01383000,2487,1,1
919,790,451,0.02147200,524,1,1
920,1112,451,0.00768400,471,1,1
921,1159,450,0.01455800,381,1,1
922,1311,450,0.00292300,500,1,1
923,1380,451,0.00397000,530,1,1
924,1112,451,0.00766400,493,1,1
925,1418,452,0.00118500,575,0,1
926,1419,453,0.00045400,262,0,2
927,647,455,0.02609400,321,1,2
928,1358,455,0.01199000,428,1,2
929,1420,458,0.00009900,540,0,1
930,556,459,0.00033600,99999,0,1
931,870,460,0.01391400,422,1,2
932,1421,461,0.00009900,272,0,1
933,478,462,0.01213400,344,1,1
934,770,462,0.02137300,432,1,1
935,1298,462,0.00555100,565,1,1
936,540,463,0.00067200,99999,0,1
937,1495,464,0.03646400,492,1,1
938,1438,465,0.02980700,300,1,2
939,1447,466,0.01341200,488,1,2
940,460,467,0.03340300,482,1,2
941,482,467,0.01963500,369,1,2
942,775,467,0.00821700,413,1,2
943,910,467,0.01404400,454,1,2
944,1010,467,0.00849400,278,1,2
945,1021,467,0.01762000,482,1,2
946,910,467,0.01398500,454,1,2
947,1399,467,0.00223200,482,1,2
948,1162,468,0.00008800,99999,0,1
949,1162,469,0.00008800,99999,0,1
950,1161,470,0.00008800,99999,0,1
951,1161,471,0.00008800,99999,0,1
952,477,475,0.00019800,99999,0,1
953,477,474,0.00019800,99999,0,1
954,477,476,0.00019800,99999,0,1
955,477,473,0.00019800,99999,0,1
956,882,477,0.00106700,271,0,1
957,1251,477,0.00270600,409,1,1
958,882,477,0.00181700,430,0,1
959,983,477,0.01473600,409,1,1
960,1423,477,0.00782200,454,1,1
961,1422,477,0.00782200,409,1,1
962,599,478,0.01378800,432,1,1
963,1423,480,0.00110600,99999,0,1
964,1422,479,0.00110600,99999,0,1
965,570,481,0.03356100,558,1,1
966,1222,483,0.03262200,416,1,2
967,488,484,0.00150300,317,0,2
968,488,485,0.00134900,317,0,2
969,847,487,0.00013200,1737,0,2
970,847,486,0.00012500,1737,0,2
971,491,488,0.00118500,3507,0,2
972,898,488,0.01483500,388,1,2
973,1355,488,0.00796000,337,0,2
974,490,488,0.00118500,3507,0,2
975,489,488,0.00118500,3507,0,2
976,693,492,0.01355100,541,1,2
977,938,492,0.01153600,584,1,2
978,1055,492,0.00009900,695,0,2
979,1062,492,0.00800000,406,0,2
980,1169,492,0.02749600,541,1,2
981,938,492,0.01157500,355,1,2
982,1055,492,0.00011900,695,0,2
983,650,493,0.00788100,99999,0,2
984,782,494,0.00437700,1994,0,1
985,782,497,0.00437700,1994,0,1
986,782,495,0.00438400,997,0,1
987,782,496,0.00439100,1592,0,1
988,1374,498,0.00024500,545,0,1
989,735,499,0.00071100,331,0,1
990,1066,499,0.00126400,287,0,1
991,828,501,0.07265200,509,1,2
992,838,501,0.05226700,99999,1,2
993,876,500,0.07348200,279,1,1
994,1104,501,0.07237500,329,1,2
995,1433,500,0.05613800,471,1,1
996,690,502,0.04470100,304,1,1
997,1246,502,0.03660300,362,1,1
998,1396,502,0.03518000,394,1,1
999,1360,503,0.03362000,409,1,2
1000,828,504,0.01947500,444,1,2
1001,930,504,0.01797500,416,1,2
1002,829,504,0.01953200,444,1,2
1003,1203,505,0.02054300,422,1,2
1004,967,507,0.00082200,99999,0,1
1005,967,506,0.00084900,452,0,1
1006,508,1284,0.00029600,272,0,1
1007,1056,509,0.03990100,344,0,2
1008,1391,509,0.00610400,428,0,2
1009,897,510,0.02184700,386,0,1
1010,1223,511,0.01978700,440,0,2
1011,1223,511,0.01973300,440,0,2
1012,610,512,0.00221200,322,0,1
1013,610,512,0.00219300,322,0,1
1014,544,514,0.02552800,1253,1,2
1015,743,514,0.01566500,1579,1,2
1016,1259,515,0.01821200,420,0,2
1017,1259,515,0.01821200,420,0,2
1018,1447,516,0.00254800,473,1,2
1019,1460,516,0.01167800,473,1,2
1020,1424,518,0.00019800,471,0,1
1021,1425,517,0.00019800,471,0,1
1022,1420,519,0.01973300,413,1,1
1023,1020,520,0.00013800,99999,0,1
1024,1426,522,0.00019800,471,0,1
1025,1427,521,0.00019800,99999,0,1
1026,737,523,0.00081000,428,0,1
1027,528,524,0.00118500,3507,0,1
1028,528,525,0.00118500,3507,0,1
1029,528,526,0.00118500,3507,0,1
1030,528,527,0.00118500,3507,0,1
1031,1127,528,0.02541000,507,0,1
1032,795,529,0.03209900,423,1,2
1033,982,529,0.01908200,423,1,2
1034,1098,529,0.00403000,502,0,2
1035,1410,529,0.01088400,423,1,2
1036,1202,530,0.06368400,99999,1,2
1037,1332,530,0.04896000,99999,1,2
1038,1177,531,0.00910600,440,1,1
1039,1429,531,0.07808400,276,1,1
1040,635,532,0.00440700,312,0,2
1041,653,533,0.00047400,99999,0,1
1042,1419,534,0.01299800,305,0,2
1043,539,535,0.01584500,2389,1,1
1044,1221,535,0.00817200,2487,1,1
1045,539,535,0.01585200,2389,1,1
1046,1221,535,0.00817200,2487,1,1
1047,710,537,0.01094900,420,1,2
1048,816,536,0.01940700,413,1,2
1049,1203,536,0.04361500,537,1,2
1050,816,537,0.01912700,537,1,2
1051,1086,538,0.04040600,1695,1,2
1052,1224,538,0.02051200,2362,1,2
1053,1309,538,0.02056800,1579,1,2
1054,646,538,0.01246500,1579,1,2
1055,1224,538,0.01992700,2362,1,2
1056,1178,539,0.01290900,2487,1,1
1057,929,540,0.05125900,424,1,1
1058,1305,540,0.01228600,424,1,1
1059,1305,540,0.01797500,383,1,1
1060,648,543,0.01856800,384,1,2
1061,1135,542,0.01679000,250,0,2
1062,1360,543,0.03113100,435,1,2
1063,1411,542,0.01815300,296,1,2
1064,1322,544,0.03646800,1750,1,2
1065,1322,544,0.03646800,2197,1,2
1066,1322,544,0.03919700,1192,1,2
1067,551,550,0.00118500,3507,0,1
1068,551,548,0.00118500,3507,0,1
1069,551,547,0.00118500,3507,0,1
1070,551,545,0.00118500,3507,0,1
1071,551,546,0.00118500,3507,0,1
1072,551,549,0.00118500,3507,0,1
1073,1047,551,0.01129900,507,1,1
1074,1212,551,0.01803500,408,1,1
1075,1429,553,0.00013800,509,1,1
1076,1430,553,0.00264700,541,1,1
1077,697,554,0.02166900,502,0,2
1078,697,554,0.02176800,502,0,2
1079,734,555,0.01102200,99999,0,2
1080,901,555,0.01584200,311,1,2
1081,797,555,0.01307600,448,1,2
1082,1145,555,0.02704200,305,1,2
1083,1252,556,0.00031600,99999,0,1
1084,1085,558,0.03869600,309,1,2
1085,1202,558,0.06190600,99999,1,2
1086,1312,558,0.07921000,336,1,2
1087,1431,559,0.00193600,507,0,1
1088,1448,562,0.00574800,99999,0,2
1089,984,563,0.00225200,540,0,1
1090,1202,564,0.05299800,384,1,2
1091,1308,564,0.05708600,336,1,2
1092,983,565,0.01451900,380,1,1
1093,681,566,0.06568000,99999,0,2
1094,732,566,0.03017800,99999,0,2
1095,626,568,0.00494600,99999,0,1
1096,748,568,0.03871600,333,1,1
1097,751,568,0.01474800,388,1,1
1098,1025,568,0.01649600,507,1,1
1099,1122,568,0.01908200,333,1,1
1100,1152,568,0.01171000,457,1,1
1101,1212,568,0.00952700,507,1,1
1102,948,569,0.04002000,256,1,2
1103,1446,569,0.00563600,265,1,2
1104,875,570,0.02036500,471,1,1
1105,1181,570,0.00524000,471,0,1
1106,1433,570,0.02433600,558,1,1
1107,1182,570,0.00848600,545,0,1
1108,660,571,0.01683500,1579,1,1
1109,951,571,0.01356500,2368,1,1
1110,1296,571,0.01885000,2389,1,1
1111,659,571,0.01684200,1579,1,1
1112,950,571,0.01356500,2368,1,1
1113,1296,571,0.01885000,2389,1,1
1114,1371,576,0.00160400,1382,0,1
1115,1370,577,0.00160000,1382,0,1
1116,1371,575,0.00160000,1382,0,1
1117,1370,573,0.00160000,1382,0,1
1118,1371,574,0.00160600,1382,0,1
1119,1370,572,0.00161600,1382,0,1
1120,797,578,0.00695300,378,0,2
1121,594,582,0.03452800,416,1,2
1122,1406,583,0.00588800,272,0,1
1123,1405,584,0.00591200,314,0,1
1124,1219,585,0.01329400,473,1,2
1125,593,586,0.04325900,428,1,2
1126,733,586,0.03782300,314,1,2
1127,1413,586,0.00836500,433,1,2
1128,1205,587,0.02720800,1662,1,2
1129,1322,587,0.01979200,1659,1,2
1130,645,589,0.00181700,431,0,1
1131,1504,588,0.01463700,440,1,1
1132,588,418,0.00019800,99999,1,1
1133,711,590,0.02276300,492,1,1
1134,1356,590,0.02754200,492,1,1
1135,1192,591,0.00819800,383,0,1
1136,1470,591,0.01250400,558,1,1
1137,723,593,0.01888400,402,1,2
1138,555,595,0.00037500,433,0,2
1139,555,596,0.00039500,350,0,2
1140,555,597,0.00045400,350,0,2
1141,768,599,0.00331900,566,1,1
1142,1298,599,0.01623700,418,1,1
1143,1500,599,0.01300300,255,0,1
1144,630,599,0.00610400,432,1,1
1145,768,599,0.00349600,566,1,1
1146,768,599,0.00487900,432,1,1
1147,1369,602,0.00331900,935,0,1
1148,1368,601,0.00335600,853,0,1
1149,1070,603,0.01890400,575,1,1
1150,1198,603,0.00728900,545,0,1
1151,1303,603,0.02062800,575,1,1
1152,1198,603,0.00728900,471,0,1
1153,1303,603,0.02010900,575,1,1
1154,1303,603,0.02016800,463,1,1
1155,1460,606,0.01043800,455,1,2
1156,1303,608,0.00754600,405,0,1
1157,591,609,0.00134300,654,0,1
1158,629,610,0.01505600,575,1,1
1159,1008,610,0.01461700,492,0,1
1160,1080,610,0.00250900,575,0,1
1161,1369,610,0.01164800,487,1,1
1162,1376,610,0.00478000,431,0,1
1163,1417,610,0.01123900,431,0,1
1164,1368,610,0.01163500,487,1,1
1165,1377,610,0.00414800,348,0,1
1166,1368,610,0.01122000,575,1,1
1167,735,613,0.00069700,99999,0,1
1168,653,616,0.00059300,99999,0,1
1169,784,616,0.00130400,385,0,1
1170,824,616,0.00023700,434,1,1
1171,1095,616,0.00266700,426,1,1
1172,652,616,0.00066400,99999,0,1
1173,1096,616,0.00165900,350,1,1
1174,620,617,0.00019800,420,0,1
1175,999,617,0.00227200,935,1,1
1176,999,617,0.00244900,935,1,1
1177,619,617,0.00019800,870,0,1
1178,621,618,0.00010000,895,0,1
1179,1072,618,0.01139900,1579,1,1
1180,1072,618,0.01237500,1579,1,1
1181,856,622,0.00370000,99999,0,1
1182,1435,622,0.00355600,566,1,1
1183,855,622,0.00343700,99999,0,1
1184,1437,623,0.00215300,440,0,1
1185,1436,624,0.00215300,440,0,1
1186,716,625,0.00023700,483,0,2
1187,689,627,0.00863600,1828,1,1
1188,1350,627,0.01303300,1579,1,1
1189,1438,628,0.00019800,393,0,2
1190,717,629,0.01029100,413,0,1
1191,1089,629,0.00122500,545,0,1
1192,1369,629,0.01661200,545,1,1
1193,1504,629,0.01282000,440,1,1
1194,717,629,0.01025200,575,0,1
1195,1484,629,0.00110600,440,1,1
1196,1298,630,0.01357000,389,1,1
1197,1461,632,0.00545200,346,0,2
1198,712,633,0.02472300,1617,1,1
1199,862,633,0.03429400,1828,1,1
1200,883,633,0.00246500,1487,0,1
1201,1330,633,0.00619800,1731,1,1
1202,863,633,0.03429400,1828,1,1
1203,760,634,0.03892900,268,0,2
1204,793,634,0.00513600,99999,0,2
1205,985,636,0.02010900,381,1,1
1206,1450,636,0.00353600,524,1,1
1207,1303,638,0.00430600,99999,0,1
1208,1303,637,0.00430600,99999,0,1
1209,1472,639,0.01266700,99999,0,2
1210,723,640,0.01284000,433,1,2
1211,1413,640,0.01542700,433,1,2
1212,1439,641,0.00156000,507,0,1
1213,615,642,0.00385200,320,0,1
1214,622,642,0.00312100,545,1,1
1215,1373,642,0.01102200,265,0,1
1216,614,642,0.00233100,409,0,1
1217,622,642,0.00310100,566,1,1
1218,1372,642,0.01106200,265,0,1
1219,889,644,0.00098800,1363,1,2
1220,1274,644,0.00112600,1363,1,2
1221,1273,643,0.00104700,1363,1,2
1222,1309,646,0.00819300,1694,1,2
1223,707,647,0.01673100,469,1,2
1224,776,647,0.00008800,99999,0,2
1225,948,647,0.06056300,404,1,2
1226,725,649,0.01471600,416,1,2
1227,898,649,0.00883000,507,1,2
1228,1059,650,0.00707200,384,1,2
1229,1145,650,0.01313600,440,1,2
1230,697,651,0.05659500,384,1,2
1231,1431,654,0.00456300,507,0,1
1232,1168,655,0.01633600,479,1,2
1233,1440,655,0.02172800,325,1,2
1234,1168,655,0.01714600,454,1,2
1235,1232,656,0.00503500,1841,1,2
1236,788,657,0.01351700,270,1,2
1237,1441,657,0.01301700,99999,1,2
1238,727,661,0.07506700,99999,1,2
1239,792,661,0.08591100,99999,0,2
1240,668,664,0.00118500,3507,0,2
1241,668,665,0.00118500,3507,0,2
1242,668,662,0.00118500,3507,0,2
1243,668,663,0.00118500,3507,0,2
1244,668,667,0.00124400,3507,0,2
1245,668,666,0.00118500,3507,0,2
1246,898,668,0.01114100,293,1,2
1247,1139,668,0.00314100,331,1,2
1248,1444,669,0.00075100,99999,0,2
1249,1272,670,0.00019800,99999,0,2
1250,1272,671,0.00019800,99999,0,2
1251,864,673,0.00014700,99999,0,1
1252,864,672,0.00016000,99999,0,1
1253,1446,674,0.00062000,99999,0,2
1254,719,675,0.02036500,513,1,1
1255,762,675,0.00260700,515,1,1
1256,762,676,0.00292300,463,0,1
1257,825,677,0.01584200,492,1,1
1258,842,677,0.01854800,507,1,1
1259,1207,677,0.03809800,507,1,1
1260,1323,677,0.03425200,492,1,1
1261,1439,677,0.01991900,388,1,1
1262,1213,678,0.03606900,388,1,1
1263,1453,678,0.00164000,524,1,1
1264,1490,678,0.02392100,388,1,1
1265,813,680,0.00480000,540,0,1
1266,1445,679,0.00019800,471,0,1
1267,1462,681,0.03680000,99999,1,2
1268,947,682,0.05028500,346,1,2
1269,1448,686,0.00019800,438,0,2
1270,929,688,0.01323500,540,1,1
1271,1079,688,0.00879000,471,1,1
1272,1349,689,0.02151000,1579,1,1
1273,1017,690,0.05493300,409,1,1
1274,1228,691,0.01493500,2487,1,1
1275,1228,691,0.01493500,2487,1,1
1276,1396,692,0.02747300,394,1,1
1277,1407,692,0.04890900,535,1,1
1278,938,693,0.00138300,935,1,2
1279,976,693,0.00695300,541,0,2
1280,1031,693,0.00027700,99999,0,2
1281,1130,693,0.02269600,482,1,2
1282,1030,693,0.00033600,99999,0,2
1283,1029,693,0.00009900,541,0,2
1284,697,694,0.02119500,376,1,2
1285,1000,694,0.01489400,376,1,2
1286,918,695,0.05492600,99999,1,2
1287,760,696,0.01435800,420,1,2
1288,1312,697,0.01805400,336,1,2
1289,1312,697,0.02115600,331,1,2
1290,1309,698,0.00733500,2487,1,2
1291,927,704,0.00028900,99999,0,1
1292,927,702,0.00021200,99999,0,1
1293,927,703,0.00022600,99999,0,1
1294,713,705,0.00887300,440,1,1
1295,1339,705,0.01521000,471,1,1
1296,1449,706,0.00032700,99999,0,1
1297,1087,707,0.00829600,483,1,2
1298,1483,708,0.03444400,99999,1,2
1299,1075,709,0.06688400,482,1,2
1300,1286,709,0.00393100,383,0,2
1301,1288,709,0.00975800,321,1,2
1302,1203,710,0.02263700,541,1,2
1303,1452,711,0.01280200,477,1,1
1304,847,712,0.00641300,1708,1,1
1305,1451,713,0.00395100,440,1,1
1306,784,714,0.00169900,300,0,1
1307,1404,715,0.03275600,99999,1,2
1308,1366,716,0.00175800,455,0,2
1309,1503,716,0.00205400,379,1,2
1310,1478,716,0.02998500,288,1,2
1311,779,718,0.00232700,1708,1,1
1312,826,718,0.02056800,2487,1,1
1313,1492,718,0.00987500,1704,1,1
1314,769,718,0.02154400,2487,1,1
1315,779,718,0.00231300,1708,1,1
1316,826,718,0.02056800,2487,1,1
1317,769,718,0.02150300,2487,1,1
1318,762,719,0.02242000,471,1,1
1319,778,724,0.01866500,388,1,1
1320,799,724,0.00353600,330,0,1
1321,1207,724,0.03478500,507,1,1
1322,778,724,0.01762000,388,1,1
1323,800,724,0.00458300,270,0,1
1324,1139,725,0.01819300,434,1,2
1325,1247,725,0.01165000,326,0,2
1326,1151,727,0.01310200,99999,0,2
1327,1462,727,0.04435600,99999,1,2
1328,1466,727,0.00888900,99999,0,2
1329,1497,728,0.00090900,328,0,2
1330,1217,729,0.01050900,360,1,1
1331,1319,729,0.03998000,362,1,1
1332,959,730,0.00049400,424,0,1
1333,1297,731,0.02703000,333,1,2
1334,945,732,0.01643100,99999,0,2
1335,1441,733,0.02095800,384,1,2
1336,1454,736,0.00043500,434,0,2
1337,866,737,0.00122500,385,0,1
1338,1067,737,0.00079000,428,1,1
1339,1327,737,0.00088900,404,0,1
1340,936,738,0.00696700,500,1,1
1341,915,739,0.02911600,262,1,2
1342,1087,740,0.00459900,484,0,2
1343,1087,740,0.00463000,484,0,2
1344,1082,741,0.00869100,99999,0,2
1345,905,742,0.04362100,304,1,2
1346,961,742,0.06921500,99999,0,2
1347,964,742,0.06259800,325,1,2
1348,905,742,0.04272600,314,1,2
1349,1140,743,0.01703100,1579,1,2
1350,1282,744,0.00061200,99999,0,1
1351,1281,744,0.00055300,99999,0,1
1352,1283,744,0.00055300,99999,0,1
1353,1370,745,0.00522900,2487,1,1
1354,1164,746,0.03352100,418,1,1
1355,1200,747,0.00752600,270,0,2
1356,852,748,0.00118500,3507,0,1
1357,1122,748,0.01969400,333,1,1
1358,1356,748,0.01509100,388,1,1
1359,850,748,0.00118500,3507,0,1
1360,1356,748,0.01509100,388,1,1
1361,851,748,0.00118500,3507,0,1
1362,804,749,0.00059300,321,0,2
1363,948,750,0.03211900,99999,1,2
1364,1085,750,0.03958500,252,1,2
1365,807,751,0.01058200,510,0,1
1366,1025,751,0.01480500,507,1,1
1367,806,751,0.01063700,477,0,1
1368,1025,751,0.01472800,507,1,1
1369,1123,752,0.00602500,2487,1,1
1370,1324,752,0.02516600,2487,1,1
1371,827,754,0.05530900,99999,1,1
1372,1301,754,0.04260700,276,0,1
1373,1221,755,0.02033200,1408,1,1
1374,1221,755,0.02139900,1391,1,1
1375,1455,756,0.00090900,325,0,2
1376,1456,757,0.00732800,440,0,1
1377,1442,758,0.24260500,99999,1,2
1378,1468,758,0.13933000,99999,1,2
1379,918,758,0.21995500,99999,1,2
1380,947,760,0.06741700,298,1,2
1381,1153,762,0.04138300,391,1,1
1382,1499,762,0.00161400,471,1,1
1383,930,765,0.02479800,438,1,2
1384,1389,765,0.00588600,440,1,2
1385,1339,767,0.00424700,540,0,1
1386,1457,766,0.00047400,471,0,1
1387,925,768,0.02040500,432,1,1
1388,998,768,0.03537800,430,1,1
1389,998,770,0.00555100,424,1,1
1390,1316,771,0.03879500,309,1,1
1391,978,772,0.02910200,335,1,2
1392,1187,773,0.00100700,545,0,1
1393,1187,774,0.00106700,545,0,1
1394,1010,775,0.00112600,99999,1,2
1395,1390,777,0.00381200,432,0,1
1396,1040,779,0.00055400,908,0,1
1397,1041,779,0.00055400,908,0,1
1398,1042,779,0.00055400,908,0,1
1399,1043,779,0.00056800,908,0,1
1400,1458,780,0.00009900,502,0,2
1401,1459,781,0.00124400,461,0,2
1402,1228,782,0.00655700,2487,0,1
1403,1253,782,0.00301900,1971,0,1
1404,1228,782,0.00663700,2487,0,1
1405,1253,782,0.00301200,1971,0,1
1406,1228,782,0.00655700,2487,0,1
1407,1228,782,0.00655700,2487,0,1
1408,846,783,0.00128400,385,0,1
1409,967,783,0.00152100,385,0,1
1410,1460,785,0.00009900,99999,0,2
1411,1461,786,0.00065200,346,0,2
1412,1143,787,0.02038500,558,1,1
1413,1150,787,0.03454800,558,0,1
1414,796,789,0.00882400,411,1,2
1415,944,790,0.00484000,388,1,1
1416,1311,790,0.01868600,500,1,1
1417,1465,790,0.01216800,540,1,1
1418,881,790,0.01888400,540,1,1
1419,944,790,0.00513600,388,1,1
1420,1480,790,0.02085900,540,1,1
1421,944,790,0.00482000,381,1,1
1422,940,791,0.00097000,1579,0,1
1423,1249,791,0.01490300,99999,1,1
1424,1381,791,0.00363600,1579,1,1
1425,942,791,0.00097000,1579,0,1
1426,1250,791,0.01478500,99999,1,1
1427,1341,791,0.01267300,1579,1,1
1428,941,791,0.00098300,1579,0,1
1429,943,791,0.00102500,1579,0,1
1430,977,792,0.01875600,99999,0,2
1431,1279,794,0.00577800,99999,0,2
1432,802,797,0.05438000,294,1,2
1433,820,797,0.00837500,866,1,2
1434,982,797,0.01643500,423,1,2
1435,1204,795,0.02812800,99999,1,2
1436,1306,796,0.00594600,433,1,2
1437,1434,795,0.00434600,440,1,2
1438,819,795,0.00851400,866,0,2
1439,1306,795,0.00559000,494,1,2
1440,817,801,0.03871600,296,1,1
1441,983,801,0.00881000,358,1,1
1442,1085,804,0.06739700,319,1,2
1443,1180,804,0.08886900,301,1,2
1444,1195,804,0.00075500,321,0,2
1445,1085,804,0.06362500,319,1,2
1446,1007,805,0.00853700,2487,1,1
1447,1462,808,0.00081300,99999,0,2
1448,813,810,0.00019800,303,0,1
1449,812,809,0.00019800,303,0,1
1450,1125,812,0.01975300,354,1,1
1451,1148,812,0.00300200,300,0,1
1452,1365,811,0.01372800,354,1,1
1453,1467,813,0.00335800,935,1,1
1454,1125,811,0.00019800,446,1,1
1455,1148,812,0.00310100,300,0,1
1456,1445,812,0.00600500,362,0,1
1457,1350,815,0.00274900,2487,1,1
1458,1403,814,0.01099700,1774,1,1
1459,1349,814,0.00270100,2487,1,1
1460,1073,818,0.00268600,490,0,2
1461,901,820,0.00235100,376,1,2
1462,926,820,0.00132700,317,0,2
1463,988,821,0.00829600,420,1,2
1464,1227,822,0.00324000,293,0,2
1465,994,823,0.00843500,369,1,2
1466,1240,823,0.01325400,369,1,2
1467,1340,824,0.01092300,401,1,1
1468,1340,824,0.01084400,401,1,1
1469,1324,826,0.01123300,2487,1,1
1470,1325,826,0.01122600,2487,1,1
1471,1110,830,0.01218100,1579,1,2
1472,1203,831,0.02642400,584,1,2
1473,1305,832,0.00383200,566,1,1
1474,1387,832,0.02522500,549,1,1
1475,837,835,0.00012700,1092,0,2
1476,1086,835,0.00193200,1382,0,2
1477,836,835,0.00012700,1053,0,2
1478,1463,839,0.00019800,290,0,1
1479,1464,840,0.00019800,290,0,1
1480,845,841,0.01389600,307,1,2
1481,931,843,0.00667700,420,1,2
1482,1223,843,0.00819800,440,1,2
1483,1473,843,0.00577200,436,1,2
1484,1223,843,0.01586200,422,1,2
1485,948,844,0.05293000,252,1,2
1486,1123,847,0.01244500,1488,1,1
1487,1141,847,0.00747900,1579,1,2
1488,1330,847,0.02492400,1617,1,1
1489,1140,847,0.00741000,1579,1,2
1490,1465,848,0.00260700,540,0,1
1491,1329,849,0.05467300,337,1,1
1492,1420,849,0.01577700,413,1,1
1493,869,853,0.10077800,99999,0,2
1494,825,857,0.00814800,584,0,1
1495,859,858,0.00009000,99999,0,1
1496,1116,859,0.00393100,339,1,1
1497,1348,859,0.00669600,354,1,1
1498,938,860,0.00009300,655,0,2
1499,939,861,0.00027700,2187,0,2
1500,1318,863,0.01857300,1579,1,1
1501,1322,863,0.03166200,1842,1,1
1502,1403,862,0.01731300,1828,1,1
1503,1322,862,0.03164800,1842,1,1
1504,967,864,0.00065200,514,1,1
1505,1084,864,0.00144200,290,0,1
1506,967,864,0.00142200,434,1,1
1507,1083,864,0.00100700,290,0,1
1508,1342,868,0.02271600,99999,1,1
1509,893,869,0.07874700,99999,0,2
1510,1313,870,0.00009400,286,0,2
1511,1331,870,0.02190200,477,1,2
1512,1022,871,0.01414800,1537,1,2
1513,1260,871,0.00953600,1633,1,2
1514,1022,871,0.01414800,1537,1,2
1515,1260,871,0.00953600,1633,1,2
1516,1194,872,0.00063200,268,0,1
1517,1194,873,0.00073100,99999,0,1
1518,1168,874,0.00092800,455,0,2
1519,1367,876,0.04438500,357,1,1
1520,1233,875,0.00098800,471,1,1
1521,895,877,0.04604400,535,1,1
1522,1066,878,0.00028900,99999,0,1
1523,1067,879,0.00026500,99999,0,1
1524,1466,880,0.00071100,99999,0,2
1525,1465,881,0.00644000,540,1,1
1526,934,885,0.00041900,99999,0,1
1527,934,886,0.00041900,99999,0,1
1528,934,884,0.00052000,99999,0,1
1529,1264,889,0.00108600,1363,0,2
1530,1269,889,0.00104700,1363,1,2
1531,1144,890,0.04387200,384,1,2
1532,1200,890,0.01856200,503,1,2
1533,1458,890,0.00844200,360,1,2
1534,970,892,0.00017200,455,0,2
1535,1225,893,0.06538700,99999,0,2
1536,1090,894,0.00026100,99999,0,1
1537,1165,895,0.00393100,413,0,1
1538,1317,895,0.01894300,540,1,1
1539,1319,895,0.01916100,413,1,1
1540,1166,895,0.00383200,413,0,1
1541,1317,895,0.01726400,524,1,1
1542,1194,896,0.00098800,280,0,1
1543,1347,897,0.01135800,319,1,1
1544,1467,897,0.00399000,428,1,1
1545,1347,897,0.00790100,428,1,1
1546,900,898,0.00118500,389,0,2
1547,899,898,0.00118500,389,0,2
1548,1184,902,0.00193400,265,0,1
1549,1085,903,0.03969600,420,1,2
1550,1496,903,0.03316500,440,1,2
1551,1004,905,0.00193700,99999,0,2
1552,1130,910,0.01254300,584,1,2
1553,1200,910,0.03651600,369,1,2
1554,1130,910,0.01208900,482,1,2
1555,957,910,0.00008800,99999,0,2
1556,956,910,0.00008800,99999,0,2
1557,1006,911,0.02662700,405,0,1
1558,1006,912,0.02662700,405,0,1
1559,953,915,0.02031600,289,1,2
1560,1241,916,0.01923900,430,0,1
1561,1468,918,0.07558600,99999,1,2
1562,1202,919,0.04444400,472,1,2
1563,1187,920,0.01157500,440,0,1
1564,1187,920,0.01157500,440,0,1
1565,923,922,0.00033900,2487,0,1
1566,924,922,0.00032500,2487,0,1
1567,1136,925,0.02212400,320,1,1
1568,1236,927,0.00075100,401,0,1
1569,1079,929,0.00965900,312,1,1
1570,1109,930,0.01645800,416,1,2
1571,1109,930,0.01645400,416,1,2
1572,1114,931,0.00142200,368,1,2
1573,1346,933,0.00662700,1754,1,1
1574,1067,934,0.00461200,325,1,1
1575,1386,934,0.00069100,397,1,1
1576,1385,934,0.00071100,356,1,1
1577,1426,934,0.00596500,272,1,1
1578,1328,937,0.09522700,99999,0,1
1579,1021,938,0.02045800,482,1,2
1580,1021,938,0.02047200,482,1,2
1581,963,944,0.01817300,381,1,1
1582,1164,944,0.03836000,524,1,1
1583,1202,946,0.00258800,584,0,2
1584,1105,948,0.01191100,305,1,2
1585,1133,952,0.01108100,507,0,1
1586,1133,952,0.01131900,388,0,1
1587,1117,954,0.00618300,540,1,1
1588,1491,954,0.00148100,471,1,1
1589,1501,955,0.00013000,2694,1,2
1590,1131,959,0.00074100,545,0,1
1591,1315,959,0.00837500,385,1,1
1592,1132,959,0.00071100,471,0,1
1593,1171,960,0.00090900,264,0,2
1594,1065,964,0.06032600,331,1,2
1595,967,965,0.00019800,257,0,1
1596,967,966,0.00019800,257,0,1
1597,1360,968,0.03006400,385,1,2
1598,1115,970,0.00786200,455,1,2
1599,1215,971,0.00014500,855,0,2
1600,1471,972,0.00010000,2487,0,2
1601,972,419,0.00010000,2487,0,2
1602,1472,973,0.00018200,99999,0,2
1603,1451,974,0.00133500,99999,0,1
1604,948,975,0.05779200,99999,1,2
1605,1444,975,0.00454300,99999,1,2
1606,1155,980,0.00010000,2487,0,2
1607,1154,980,0.00010000,2487,0,2
1608,1183,981,0.00329900,310,0,2
1609,928,984,0.01728400,99999,0,1
1610,1117,984,0.01123900,413,1,1
1611,1124,984,0.01354100,408,1,1
1612,1251,983,0.01220700,471,1,1
1613,1364,983,0.00250900,540,0,1
1614,1432,984,0.00231100,540,1,1
1615,1449,985,0.02008900,381,1,1
1616,1363,985,0.00252800,388,0,1
1617,1393,984,0.01013300,408,1,1
1618,1124,984,0.00948100,720,1,1
1619,1423,983,0.00709100,471,1,1
1620,1395,984,0.00742300,833,1,1
1621,1422,983,0.00709100,471,1,1
1622,921,987,0.00757600,1486,1,1
1623,1118,986,0.00326200,1774,1,1
1624,1242,986,0.00628800,1774,1,1
1625,1243,986,0.00616300,1579,1,1
1626,1242,987,0.00500200,2487,1,1
1627,1243,987,0.00500000,2487,1,1
1628,1349,987,0.00604600,1579,1,1
1629,1069,989,0.04359500,471,1,1
1630,1261,989,0.01102200,513,1,1
1631,1408,989,0.01874600,515,1,1
1632,1261,989,0.01104200,538,1,1
1633,1020,991,0.02481000,575,1,1
1634,1070,991,0.01979300,370,1,1
1635,1103,991,0.01765900,575,1,1
1636,1303,991,0.03326400,319,1,1
1637,1082,994,0.01570400,369,1,2
1638,1230,994,0.02170900,482,1,2
1639,1152,995,0.00009900,457,1,1
1640,1212,995,0.00287800,507,1,1
1641,1106,996,0.02036500,388,1,1
1642,1161,996,0.01248400,327,1,1
1643,1153,997,0.04987600,538,1,1
1644,1244,997,0.04211400,513,1,1
1645,1020,999,0.00412800,575,1,1
1646,1100,999,0.00685400,261,1,1
1647,1103,999,0.01161500,575,1,1
1648,904,1000,0.00359700,300,0,2
1649,1058,1000,0.04483900,331,1,2
1650,1193,1000,0.00927600,366,1,2
1651,1226,1000,0.06439500,99999,1,2
1652,1308,1000,0.02318000,366,1,2
1653,1308,1000,0.02488900,321,1,2
1654,1473,1001,0.00009800,440,0,2
1655,1474,1002,0.00019800,440,0,2
1656,1475,1003,0.00035600,471,0,1
1657,1477,1005,0.00503700,99999,0,2
1658,1167,1006,0.03085400,541,0,1
1659,1382,1006,0.01052600,379,1,1
1660,1476,1006,0.00088900,541,1,1
1661,1223,1009,0.00898600,405,0,2
1662,1399,1010,0.00612300,296,1,2
1663,1478,1015,0.00062400,99999,0,2
1664,1418,1016,0.00762500,575,1,1
1665,1013,1018,0.00019800,99999,0,1
1666,1012,1018,0.00019800,99999,0,1
1667,1234,1017,0.00098800,473,1,1
1668,1011,1018,0.00022300,99999,0,1
1669,1082,1019,0.02382200,482,1,2
1670,1063,1020,0.00099200,99999,0,1
1671,1130,1021,0.00547200,482,1,2
1672,1130,1021,0.00505700,482,1,2
1673,1232,1022,0.01919700,1633,1,2
1674,1232,1022,0.01913400,1633,1,2
1675,1412,1024,0.00981700,524,1,1
1676,1300,1027,0.00150100,540,0,1
1677,1243,1028,0.00524200,2487,1,1
1678,1242,1028,0.00524200,2487,1,1
1679,1290,1035,0.00104700,1363,1,2
1680,1275,1034,0.00112600,1363,1,2
1681,1271,1035,0.00112600,1363,1,2
1682,1124,1039,0.00066900,99999,0,1
1683,1124,1038,0.00064500,99999,0,1
1684,1285,1044,0.02099700,540,1,1
1685,1456,1044,0.02080000,337,1,1
1686,1325,1045,0.02847600,1708,1,1
1687,1356,1046,0.00341700,331,0,1
1688,1050,1047,0.00118500,99999,0,1
1689,1048,1047,0.00118500,99999,0,1
1690,1049,1047,0.00118500,99999,0,1
1691,1480,1051,0.00549100,540,0,1
1692,1148,1053,0.00142200,263,0,1
1693,1148,1052,0.00142200,99999,0,1
1694,1184,1054,0.00296300,350,1,1
1695,1288,1057,0.00160000,506,0,2
1696,1288,1057,0.00162000,506,0,2
1697,1226,1058,0.02947200,301,1,2
1698,1262,1059,0.02247900,305,1,2
1699,1482,1061,0.00057300,99999,0,1
1700,1481,1060,0.00043500,99999,0,1
1701,1082,1064,0.01977300,482,1,2
1702,1169,1064,0.01110100,482,1,2
1703,1474,1065,0.02862200,331,1,2
1704,1348,1066,0.01418300,325,1,1
1705,1347,1067,0.01382700,325,1,1
1706,1427,1066,0.01060700,292,1,1
1707,1414,1068,0.04659800,354,1,2
1708,1408,1069,0.02934900,578,1,1
1709,1379,1070,0.02147200,418,1,1
1710,1249,1072,0.00837300,1579,1,1
1711,1257,1072,0.01757100,2487,1,1
1712,1250,1072,0.00837300,1579,1,1
1713,1257,1072,0.01743800,2487,1,1
1714,1199,1074,0.06048900,99999,1,2
1715,1493,1075,0.00379300,502,1,2
1716,1133,1076,0.03417300,265,1,1
1717,1483,1081,0.04004400,99999,1,2
1718,1102,1082,0.00414800,99999,0,2
1719,1179,1082,0.01862700,468,1,2
1720,1440,1082,0.01708300,482,1,2
1721,1121,1085,0.04005900,264,0,2
1722,1409,1085,0.01106200,438,0,2
1723,1446,1085,0.02271600,265,1,2
1724,1489,1085,0.00077000,271,0,2
1725,1485,1092,0.00154100,540,0,1
1726,1340,1095,0.00918500,426,1,1
1727,1340,1096,0.00865200,350,1,1
1728,1323,1099,0.01159500,440,0,1
1729,1379,1100,0.03944700,374,1,1
1730,1487,1101,0.00434600,360,0,2
1731,1280,1104,0.03787900,264,1,2
1732,1262,1105,0.03128500,305,1,2
1733,1488,1106,0.01546700,507,1,1
1734,1489,1107,0.00513600,271,0,2
1735,1489,1107,0.00513600,271,0,2
1736,1133,1108,0.03154600,380,1,1
1737,1320,1108,0.05064700,331,1,2
1738,1389,1109,0.01208900,440,1,2
1739,1490,1111,0.00040300,507,0,1
1740,1314,1112,0.00193600,397,1,1
1741,1130,1113,0.00135700,385,1,2
1742,1223,1114,0.02442100,366,1,2
1743,1503,1115,0.00928400,379,1,2
1744,1348,1116,0.00914600,348,1,1
1745,1432,1117,0.00898800,403,1,1
1746,1491,1117,0.00454300,403,1,1
1747,1350,1118,0.00273500,1579,1,1
1748,1491,1120,0.00049400,99999,0,1
1749,1194,1124,0.00113200,297,0,1
1750,1194,1124,0.00113200,297,0,1
1751,1393,1124,0.00337200,408,1,1
1752,1395,1124,0.00205800,789,1,1
1753,1254,1133,0.01874600,507,0,1
1754,1498,1133,0.01505200,388,1,1
1755,1322,1134,0.02292900,1659,1,1
1756,1338,1134,0.00849700,1659,1,1
1757,1492,1137,0.00010000,1708,0,1
1758,1438,1139,0.01418300,331,1,2
1759,1392,1144,0.02011300,473,1,2
1760,1487,1144,0.01667200,473,1,2
1761,1359,1145,0.01139700,502,0,2
1762,1190,1148,0.00165900,99999,0,1
1763,1499,1153,0.03866900,391,1,1
1764,1293,1157,0.00124400,99999,0,2
1765,1314,1159,0.00258800,321,1,1
1766,1343,1158,0.00229100,368,1,1
1767,1464,1158,0.01106200,352,1,1
1768,1200,1160,0.03577300,302,1,2
1769,1458,1160,0.00828600,360,1,2
1770,1487,1160,0.00800000,448,1,2
1771,1213,1161,0.01789000,344,1,1
1772,1323,1161,0.01962900,638,1,1
1773,1488,1161,0.01631600,935,1,1
1774,1490,1161,0.03059600,344,1,1
1775,1325,1162,0.00618400,954,1,1
1776,1170,1168,0.02307200,282,1,2
1777,1473,1170,0.01571000,257,1,2
1778,1493,1172,0.00167900,99999,0,2
1779,1483,1173,0.05906700,99999,0,2
1780,1310,1176,0.00040900,1579,0,1
1781,1310,1175,0.00042200,1579,0,1
1782,1351,1177,0.05210900,317,1,1
1783,1200,1179,0.02668600,325,1,2
1784,1397,1184,0.00278500,507,1,1
1785,1439,1185,0.00598100,388,1,1
1786,1428,1185,0.00314900,507,1,1
1787,1416,1186,0.00292900,418,1,1
1788,1323,1187,0.00572800,507,0,1
1789,1323,1187,0.00572800,507,0,1
1790,1323,1187,0.00296300,935,0,1
1791,1494,1188,0.00033600,541,0,1
1792,1495,1191,0.02615300,507,0,1
1793,1308,1193,0.01402500,440,1,2
1794,1284,1194,0.00083000,268,0,1
1795,1315,1197,0.00211400,312,0,1
1796,1315,1196,0.00211400,272,0,1
1797,1477,1200,0.01777800,502,1,2
1798,1496,1202,0.01011400,442,1,2
1799,1322,1206,0.03925900,1711,1,2
1800,1212,1208,0.00118500,3507,0,1
1801,1212,1211,0.00118500,3507,0,1
1802,1212,1210,0.00118500,3507,0,1
1803,1212,1209,0.00118500,3507,0,1
1804,1394,1214,0.02226700,99999,1,2
1805,1404,1214,0.05835600,99999,1,2
1806,1496,1216,0.00009900,440,0,2
1807,1485,1217,0.01444500,413,1,1
1808,1144,1219,0.03340300,333,1,2
1809,1429,1220,0.00934300,452,1,1
1810,1430,1220,0.00681500,471,1,1
1811,1497,1222,0.00029600,328,1,2
1812,1232,1224,0.02000300,2961,1,2
1813,1232,1224,0.02000000,2961,1,2
1814,1461,1226,0.02858300,346,0,2
1815,1239,1228,0.00255000,2487,1,1
1816,1238,1228,0.00255000,2487,1,1
1817,1332,1231,0.03604900,454,1,2
1818,1332,1231,0.03624700,454,1,2
1819,1278,1232,0.00866300,1644,1,2
1820,1501,1232,0.02277200,2450,1,2
1821,1278,1232,0.00866300,1644,1,2
1822,1278,1232,0.01065800,1708,1,2
1823,1278,1232,0.00694600,2487,1,2
1824,1278,1232,0.00694600,2487,1,2
1825,1257,1239,0.01474400,2487,1,1
1826,1257,1238,0.01477800,2487,1,1
1827,1470,1244,0.05408400,558,1,1
1828,1298,1245,0.00489900,354,1,1
1829,1475,1245,0.00077000,471,1,1
1830,1498,1255,0.00630100,380,0,1
1831,1418,1256,0.00406900,575,1,1
1832,1331,1259,0.03093300,461,1,2
1833,1290,1266,0.00096800,1363,0,2
1834,1500,1267,0.00019800,471,0,1
1835,1500,1268,0.00019800,471,0,1
1836,1290,1276,0.00104700,1363,1,2
1837,1300,1285,0.05029900,336,1,1
1838,1459,1288,0.01592100,454,0,2
1839,1347,1292,0.00197100,584,0,1
1840,1348,1291,0.00302000,545,0,1
1841,1475,1298,0.00241000,471,1,1
1842,1502,1299,0.00474100,540,0,1
1843,1379,1303,0.01299800,330,1,1
1844,1390,1305,0.00669600,424,1,1
1845,1345,1310,0.00565800,1579,1,1
1846,1346,1310,0.00566500,1579,1,1
1847,1374,1315,0.01002300,566,1,1
1848,1412,1317,0.01353300,540,1,1
1849,1492,1318,0.00738900,1704,1,1
1850,1414,1321,0.05046900,354,1,2
1851,1397,1323,0.01145700,507,1,1
1852,1469,1323,0.00798000,507,1,1
1853,1428,1323,0.00955900,507,1,1
1854,1335,1329,0.02786000,405,0,1
1855,1431,1329,0.01424200,507,0,1
1856,1453,1329,0.02741700,492,1,1
1857,1495,1329,0.00740700,492,1,1
1858,1471,1337,0.00348900,1786,0,2
1859,1343,1339,0.00705200,368,1,1
1860,1401,1340,0.00312100,348,0,1
1861,1451,1339,0.00688800,540,1,1
1862,1463,1339,0.00359500,352,0,1
1863,1464,1339,0.00357500,352,1,1
1864,1482,1339,0.00796000,356,0,1
1865,1400,1340,0.00312100,405,0,1
1866,1481,1340,0.00823700,356,0,1
1867,1457,1340,0.00373300,833,1,1
1868,1430,1342,0.02791100,383,1,1
1869,1386,1347,0.00932300,405,1,1
1870,1467,1347,0.00485900,584,1,1
1871,1385,1347,0.01011400,272,1,1
1872,1426,1347,0.00460200,274,1,1
1873,1427,1348,0.00438500,405,1,1
1874,1355,1354,0.00118500,99999,0,2
1875,1355,1353,0.00118500,99999,0,2
1876,1356,1352,0.00118500,99999,0,1
1877,1375,1371,0.01443300,2275,1,1
1878,1504,1378,0.00098800,272,0,1
1879,1466,1384,0.00786700,99999,0,2
1880,1448,1409,0.00241000,438,0,2
1881,1493,1477,0.00468100,503,1,2
1882,4,6,0.12029600,99999,0,2
1883,6,1530,-0.00616300,1186,1,2
1884,5,1553,-0.00616300,1188,1,2
1885,8,1530,0.03081700,1186,1,2
1886,8,1553,0.03081700,1188,1,2
1887,35,36,0.02500000,1187,1,2
1888,38,1505,-0.00630200,1186,1,1
1889,38,1554,-0.00678700,1187,1,1
1890,39,1505,0.03130200,1186,1,1
1891,39,1554,0.03199500,1187,1,1
1892,52,53,0.04833800,606,1,1
1893,52,53,0.03961200,606,1,1
1894,68,70,0.02513900,1186,1,1
1895,68,70,0.02493100,1186,1,1
1896,69,70,0.02493100,1186,1,1
1897,76,77,0.04245200,600,1,1
1898,85,86,0.04501400,593,0,2
1899,85,86,0.04466800,593,0,2
1900,106,107,0.03892000,600,1,2
1901,106,107,0.03982000,598,1,2
1902,106,1555,-0.00900300,600,1,2
1903,107,1555,0.04889200,600,1,2
1904,114,115,0.04376700,606,1,1
1905,114,115,0.04861500,606,1,1
1906,117,1506,-0.00450100,1186,1,2
1907,117,1531,-0.00644000,1186,1,2
1908,118,1506,0.02929400,1186,1,2
1909,118,1531,0.03151000,1186,1,2
1910,134,135,0.02486200,1186,1,2
1911,134,135,0.02479200,1186,1,2
1912,149,147,0.00474100,935,1,2
1913,149,150,0.02430700,1186,1,2
1914,149,150,0.02430700,1188,1,2
1915,152,153,0.04383700,632,0,1
1916,162,1532,-0.00782500,606,1,2
1917,163,1532,0.04750700,606,1,2
1918,199,1507,-0.00450100,1186,1,2
1919,199,1533,-0.00644000,1184,1,2
1920,200,1507,0.02929400,1186,1,2
1921,200,1533,0.03151000,1184,1,2
1922,220,221,0.02497900,1186,1,1
1923,222,223,0.02493100,1186,1,2
1924,222,223,0.02493100,1186,1,2
1925,224,225,0.05609400,1186,1,1
1926,236,237,0.23742200,2164,0,2
1927,244,1508,-0.00837900,606,1,2
1928,243,1534,-0.00872600,557,1,2
1929,245,1508,0.04840700,606,1,2
1930,245,1534,0.04771500,557,1,2
1931,248,1509,-0.00506200,1168,1,1
1932,249,1556,-0.01087300,1184,1,1
1933,250,1567,-0.00775600,1184,1,1
1934,248,1576,-0.00761800,1184,1,1
1935,253,1509,0.02643700,1168,1,1
1936,252,1556,0.03829600,1184,1,1
1937,253,1567,0.03518000,1184,1,1
1938,252,1576,0.03469500,1184,1,1
1939,259,261,0.02680100,1184,1,1
1940,259,260,0.02659300,1184,1,1
1941,262,263,0.25078500,639,0,2
1942,262,263,0.25078500,639,0,2
1943,262,263,0.25078500,639,0,2
1944,270,1510,0.14819900,99999,0,2
1945,271,1510,-0.00900300,606,1,2
1946,271,1535,-0.00519400,606,1,2
1947,272,1510,0.04916900,606,1,2
1948,272,1535,0.04847600,606,1,2
1949,282,283,0.02714700,1184,1,1
1950,282,283,0.02721600,1187,1,1
1951,282,1557,-0.00810200,1186,1,1
1952,284,1557,0.03573400,1186,1,1
1953,299,300,0.02728500,1186,1,1
1954,299,300,0.02735500,1186,1,1
1955,299,1558,-0.00747900,1186,1,1
1956,300,1558,0.03476400,1186,1,1
1957,318,319,0.53333300,1038,0,2
1958,337,338,0.02513900,1186,1,2
1959,336,338,0.02534600,1186,1,2
1960,339,340,0.02707800,1186,1,1
1961,339,340,0.02735500,1186,1,1
1962,339,340,0.04231300,606,1,1
1963,339,340,0.04307500,606,1,1
1964,351,353,0.02472300,1186,1,2
1965,350,353,0.02493100,1186,1,2
1966,358,359,0.02527700,585,1,1
1967,358,359,0.02486200,1186,1,1
1968,379,380,0.02465400,1184,1,2
1969,378,380,0.02465400,1184,1,2
1970,386,387,0.23742200,2164,0,2
1971,408,1511,-0.00547100,1184,1,1
1972,409,1511,0.03289500,1184,1,1
1973,423,424,0.02735500,1186,1,1
1974,423,424,0.04155100,600,1,1
1975,423,424,0.04875300,607,1,1
1976,423,424,0.02756200,1186,1,1
1977,428,1568,-0.00713300,1186,1,1
1978,428,1577,-0.00560900,1186,1,1
1979,429,1568,0.03372600,1186,1,1
1980,429,1577,0.03296400,1186,1,1
1981,430,431,0.02479200,1184,1,2
1982,444,445,0.02506900,1186,1,2
1983,444,445,0.02493100,1186,1,2
1984,448,1512,-0.00754800,1187,1,1
1985,448,1536,-0.00484800,606,1,1
1986,449,1512,0.03428000,1187,1,1
1987,449,1536,0.05318600,606,1,1
1988,513,514,0.04466800,593,1,2
1989,537,538,0.03441800,605,1,2
1990,536,1537,-0.00470900,1184,1,2
1991,538,1537,0.02957100,1184,1,2
1992,540,541,0.02479200,1186,1,1
1993,543,544,0.02472300,1186,1,2
1994,543,544,0.02500000,1186,1,2
1995,570,571,0.02687000,1186,1,1
1996,570,571,0.02687000,1186,1,1
1997,570,571,0.02728500,1186,1,1
1998,579,580,0.15858700,1017,1,2
1999,579,581,0.15720200,1017,1,2
2000,1513,586,-0.00616300,1186,1,2
2001,586,587,0.02486200,1186,1,2
2002,587,1513,0.03116300,1186,1,2
2003,418,589,0.00796000,418,1,1
2004,598,599,0.14392100,99999,0,1
2005,598,599,0.18824700,99999,0,1
2006,606,607,0.04328300,606,1,2
2007,606,607,0.04383700,606,1,2
2008,617,618,0.02742400,1187,1,1
2009,617,618,0.02735500,1187,1,1
2010,631,632,0.16177800,99999,0,2
2011,631,632,0.16177800,99999,0,2
2012,639,640,0.19002500,99999,0,2
2013,655,656,0.02430700,1186,1,2
2014,658,660,0.04875300,606,1,1
2015,658,659,0.04245200,606,1,1
2016,681,682,0.12444400,99999,0,2
2017,688,689,0.02486200,1186,1,1
2018,688,1538,-0.00637100,1186,1,1
2019,687,1559,-0.00630200,1186,1,1
2020,689,1538,0.03116300,1186,1,1
2021,689,1559,0.03144000,1186,1,1
2022,690,691,0.04272900,606,1,1
2023,695,696,0.11535800,724,1,2
2024,697,698,0.02423800,1186,1,2
2025,697,698,0.02423800,1184,1,2
2026,708,709,0.13728400,99999,1,2
2027,711,712,0.03926600,600,1,1
2028,711,712,0.03961200,600,1,1
2029,715,716,0.15802500,99999,1,2
2030,720,721,0.10173100,1139,1,1
2031,720,722,0.10076200,1139,1,1
2032,726,727,0.00395600,974,0,2
2033,742,743,0.04307500,600,1,2
2034,742,743,0.04356000,600,1,2
2035,1560,742,-0.00422400,600,1,2
2036,743,1560,0.04757600,600,1,2
2037,744,745,0.04536000,606,1,1
2038,744,745,0.04508300,606,1,1
2039,751,752,0.02486200,1186,1,1
2040,751,752,0.02479200,1186,1,1
2041,751,752,0.02513900,1186,1,1
2042,753,1514,0.22389200,99999,0,1
2043,754,1514,-0.00505500,547,1,1
2044,755,1514,0.05374000,547,1,1
2045,758,760,0.10567900,446,1,2
2046,758,760,0.10765400,446,1,2
2047,759,761,0.10083100,1628,0,2
2048,759,761,0.10013900,1628,0,2
2049,760,761,0.03583800,1188,1,2
2050,762,1515,-0.01121900,1186,1,1
2051,762,1539,-0.00768700,1186,1,1
2052,763,1515,0.03878100,1186,1,1
2053,764,1539,0.03490300,1186,1,1
2054,768,769,0.02486200,1186,1,1
2055,768,769,0.02486200,1186,1,1
2056,778,1516,-0.00484800,606,1,1
2057,778,1540,-0.00713300,606,1,1
2058,778,779,0.02465400,1188,1,1
2059,779,1516,0.04799200,606,1,1
2060,779,1540,0.04681400,606,1,1
2061,790,1517,-0.01121900,1186,1,1
2062,790,1541,-0.01101100,606,1,1
2063,790,1561,-0.00519400,1186,1,1
2064,790,1569,-0.01149600,1186,1,1
2065,791,1517,0.03829600,1186,1,1
2066,791,1541,0.05346300,606,1,1
2067,791,1561,0.03206400,1186,1,1
2068,791,1569,0.03843500,1186,1,1
2069,795,1518,-0.00457100,1186,1,2
2070,797,1542,-0.00443200,1186,1,2
2071,796,798,0.02506900,1186,1,2
2072,798,1518,0.02936300,1186,1,2
2073,798,1542,0.02908600,1186,1,2
2074,812,815,0.02735500,1184,1,1
2075,813,1543,-0.01135700,1187,1,1
2076,812,1562,-0.00741000,1187,1,1
2077,812,1570,-0.00775600,1187,1,1
2078,815,1543,0.03843500,1187,1,1
2079,814,1562,0.03462600,1187,1,1
2080,814,1570,0.03490300,1187,1,1
2081,825,826,0.02479200,1186,1,1
2082,825,826,0.02479200,1186,1,1
2083,829,1519,-0.01440400,567,1,2
2084,828,1544,-0.01371200,581,1,2
2085,829,830,0.03490300,581,1,2
2086,828,830,0.02716800,1091,1,2
2087,830,1519,0.05062300,567,1,2
2088,830,1544,0.05055400,581,1,2
2089,870,1520,-0.00429400,1184,1,2
2090,870,1545,-0.00623300,1184,1,2
2091,871,1520,0.02908600,1184,1,2
2092,871,1545,0.03123300,1184,1,2
2093,1233,876,0.00908600,471,1,1
2094,938,939,0.02479200,1186,0,2
2095,949,951,0.10173100,1139,1,1
2096,949,950,0.09986200,1139,1,1
2097,419,971,0.00033900,1184,0,2
2098,970,971,0.04286700,606,1,2
2099,983,1521,-0.00789500,1184,1,1
2100,984,1546,-0.00540200,1184,1,1
2101,983,1563,-0.00796400,1184,1,1
2102,985,1571,-0.00727100,1184,1,1
2103,984,987,0.02707800,1184,1,1
2104,986,1521,0.03518000,1184,1,1
2105,986,1546,0.03275600,1184,1,1
2106,987,1563,0.03476400,1184,1,1
2107,987,1571,0.03414100,1184,1,1
2108,989,990,0.02728500,1186,1,1
2109,1006,1522,-0.00554000,1186,1,1
2110,1006,1007,0.02735500,1188,1,1
2111,1007,1522,0.03324100,1186,1,1
2112,1234,1018,0.00908600,473,1,1
2113,1021,1022,0.02430700,1188,1,2
2114,1021,1022,0.02500000,1188,1,2
2115,1021,1022,0.02458400,1188,1,2
2116,1044,1045,0.04349000,608,1,1
2117,1044,1045,0.02797800,1186,1,1
2118,1070,1072,0.04854600,606,1,1
2119,1071,1072,0.02693900,1187,1,1
2120,1071,1072,0.02638500,1187,1,1
2121,1085,1523,-0.00831000,600,1,2
2122,1085,1547,-0.00803300,600,1,2
2123,1086,1523,0.04792200,600,1,2
2124,1086,1547,0.04958400,600,1,2
2125,1087,1088,0.04141300,606,1,2
2126,1087,1088,0.03968100,606,1,2
2127,1109,1110,0.02479200,1186,1,2
2128,1109,1110,0.02479200,1182,1,2
2129,1117,1524,-0.00595600,1186,1,1
2130,1116,1118,0.02486200,1186,1,1
2131,1118,1524,0.03296400,1186,1,1
2132,1122,1123,0.02479200,1186,1,1
2133,1124,1525,-0.00780200,435,0,1
2134,1124,1548,-0.00780200,435,0,1
2135,1526,1133,-0.00464000,1186,1,1
2136,1133,1134,0.02493100,1186,1,1
2137,1134,1526,0.02957100,1186,1,1
2138,1139,1141,0.04238200,600,1,2
2139,1564,1139,-0.00692500,600,1,2
2140,1572,1139,-0.01087300,600,1,2
2141,1141,1564,0.05540200,600,1,2
2142,1140,1572,0.05374000,600,1,2
2143,1161,1162,0.02479200,1186,1,1
2144,1578,1177,-0.00519400,557,1,1
2145,1177,1178,0.04819900,557,1,1
2146,1178,1578,0.04743800,557,1,1
2147,1199,1200,0.12740700,99999,1,2
2148,1218,1219,0.11851900,99999,1,2
2149,1220,1221,0.04293600,600,1,1
2150,1220,1221,0.04307500,600,1,1
2151,1223,1527,-0.00602500,1186,1,2
2152,1223,1549,-0.00457100,1174,1,2
2153,1223,1224,0.02562300,1186,1,2
2154,1224,1527,0.03116300,1186,1,2
2155,1224,1549,0.02936300,1174,1,2
2156,1225,1226,0.13775800,99999,0,2
2157,1230,1232,0.04792200,606,1,2
2158,1231,1232,0.02749300,1266,1,2
2159,1231,1232,0.02749300,1266,1,2
2160,1237,1239,0.10152400,1139,1,1
2161,1237,1238,0.10207800,1139,1,1
2162,1241,1243,0.02735500,1184,1,1
2163,1241,1242,0.02977800,1184,1,1
2164,1248,1250,0.10228500,1140,1,1
2165,1248,1249,0.10228500,1140,1,1
2166,1256,1565,-0.00768700,1188,1,1
2167,1256,1573,-0.00761800,1188,1,1
2168,1257,1565,0.03511100,1188,1,1
2169,1257,1573,0.03483400,1188,1,1
2170,1259,1260,0.03178700,1186,1,2
2171,1259,1260,0.03185600,1186,1,2
2172,1277,1278,0.01641300,1769,1,2
2173,1276,1278,0.01475100,1746,1,2
2174,1275,1278,0.01641300,2258,1,2
2175,1271,1278,0.01641300,2258,1,2
2176,1269,1278,0.01641300,1769,1,2
2177,1270,1278,0.01641300,1769,1,2
2178,1274,1278,0.01641300,2258,1,2
2179,1273,1278,0.01641300,2258,1,2
2180,1272,1278,0.02430700,1187,1,2
2181,1295,1528,-0.00470900,606,1,1
2182,1295,1296,0.04854600,606,1,1
2183,1296,1528,0.05283900,606,1,1
2184,1303,1304,0.02700800,1187,1,1
2185,1303,1304,0.02721600,1188,1,1
2186,1303,1304,0.02763200,1188,1,1
2187,1308,1309,0.02479200,1186,1,2
2188,1308,1550,-0.00436300,1186,1,2
2189,1309,1550,0.02915500,1186,1,2
2190,1317,1318,0.02506900,1186,1,1
2191,1317,1318,0.02500000,1186,1,1
2192,1321,1322,0.03933500,600,1,2
2193,1320,1322,0.02500000,1186,1,2
2194,1321,1322,0.03926600,600,1,2
2195,1323,1325,0.02486200,1186,1,1
2196,1328,1329,0.12543200,358,0,1
2197,1329,1330,0.02479200,1186,1,1
2198,1329,1330,0.02500000,1186,1,1
2199,1340,1529,-0.00533200,1186,1,1
2200,1340,1551,-0.00547100,1186,1,1
2201,1339,1566,-0.00768700,1186,1,1
2202,1340,1574,-0.00789500,1186,1,1
2203,1340,1579,-0.01094200,1186,1,1
2204,1341,1529,0.03275600,1186,1,1
2205,1341,1551,0.03289500,1186,1,1
2206,1341,1566,0.03483400,1186,1,1
2207,1341,1574,0.03483400,1186,1,1
2208,1341,1579,0.03864300,1186,1,1
2209,1344,1346,0.10180100,1139,1,1
2210,1344,1345,0.10117700,1139,1,1
2211,1347,1552,-0.01128800,1184,1,1
2212,1348,1349,0.02735500,1184,1,1
2213,1347,1575,-0.00554000,1184,1,1
2214,1348,1350,0.04861500,605,1,1
2215,1348,1580,-0.00526300,605,1,1
2216,1349,1552,0.03871200,1184,1,1
2217,1350,1575,0.03289500,1184,1,1
2218,1350,1580,0.05332400,605,1,1
2219,1369,1370,0.02506900,1186,1,1
2220,1369,1371,0.02506900,1186,1,1
2221,1368,1371,0.02444600,1186,1,1
2222,1368,1370,0.02506900,1187,1,1
2223,1374,1375,0.02534600,1186,1,1
2224,1374,1375,0.02520800,1186,1,1
2225,1380,1381,0.02770100,1186,1,1
2226,28,1581,0.01973700,99999,0,2
2227,29,1582,0.01973700,99999,0,2
2228,50,1583,0.54184000,99999,0,2
2229,50,1584,0.54184000,99999,0,2
2230,50,1585,0.54184000,99999,0,2
2231,61,1586,0.14285700,99999,0,2
2232,61,1587,0.21914900,99999,0,2
2233,63,1588,0.09092800,99999,0,2
2234,73,1589,0.36679400,99999,0,2
2235,73,1590,0.36679400,99999,0,2
2236,74,1591,0.36679400,99999,0,2
2237,74,1592,0.36679400,99999,0,2
2238,99,1593,0.12840900,99999,0,2
2239,99,1594,0.12840900,99999,0,2
2240,101,1595,0.15000000,99999,0,2
2241,101,1596,0.15000000,99999,0,2
2242,100,1597,0.15000000,99999,0,2
2243,100,1598,0.15000000,99999,0,2
2244,127,1599,0.01261100,1062,0,1
2245,124,1600,0.01261100,1101,0,1
2246,125,1601,0.01261100,1099,0,1
2247,126,1602,0.01261100,1060,0,1
2248,129,1603,0.04820700,295,0,1
2249,128,1604,0.04820700,281,0,1
2250,130,1605,0.04396500,284,0,1
2251,130,1606,0.03442000,99999,0,1
2252,130,1607,0.06506000,99999,0,1
2253,136,1608,0.16142900,99999,0,2
2254,136,1609,0.17931000,99999,0,2
2255,136,1610,0.16142900,99999,0,2
2256,136,1611,0.17931000,99999,0,2
2257,136,1612,0.17931000,99999,0,2
2258,768,1613,0.04496500,300,0,1
2259,160,1614,0.24807700,99999,0,2
2260,162,1615,0.11242900,99999,0,2
2261,162,1616,0.18339700,99999,0,2
2262,162,1617,0.18339700,99999,0,2
2263,162,1618,0.18339700,99999,0,2
2264,162,1619,0.18339700,99999,0,2
2265,164,1620,0.16674300,99999,0,2
2266,164,1621,0.30011400,99999,0,2
2267,180,1622,0.01268500,1140,0,2
2268,179,1623,0.01268500,1129,0,2
2269,177,1624,0.01268500,1118,0,2
2270,178,1625,0.01268500,1094,0,2
2271,184,1626,0.00930300,1539,0,1
2272,185,1627,0.00930300,1539,0,1
2273,188,1628,0.20006200,99999,0,2
2274,188,1629,0.20006200,99999,0,2
2275,188,1630,0.20006200,99999,0,2
2276,187,1631,0.20006200,99999,0,2
2277,187,1632,0.20006200,99999,0,2
2278,187,1633,0.20006200,99999,0,2
2279,190,1634,0.33343400,99999,0,2
2280,190,1635,0.33343400,99999,0,2
2281,190,1636,0.33343400,99999,0,2
2282,190,1637,0.33343400,99999,0,2
2283,191,1638,0.33343400,99999,0,2
2284,191,1639,0.33343400,99999,0,2
2285,194,1640,0.45318200,99999,0,2
2286,194,1641,0.45318200,99999,0,2
2287,212,1642,0.33399400,99999,0,2
2288,212,1643,0.33399400,99999,0,2
2289,212,1644,0.33399400,99999,0,2
2290,212,1645,0.33399400,99999,0,2
2291,211,1646,0.33399400,99999,0,2
2292,211,1647,0.33399400,99999,0,2
2293,238,1648,0.00890900,1592,0,1
2294,239,1649,0.00890900,628,0,1
2295,240,1650,0.00890900,1638,0,1
2296,241,1651,0.00890900,1653,0,1
2297,273,1652,0.12888900,99999,0,2
2298,274,1653,0.13337200,99999,0,2
2299,274,1654,0.13337200,99999,0,2
2300,287,1655,0.04820700,99999,0,1
2301,291,1656,0.05407400,99999,0,2
2302,291,1657,0.05407400,99999,0,2
2303,292,1658,0.01268500,1087,0,1
2304,294,1659,0.01261100,1096,0,1
2305,293,1660,0.01261100,1108,0,1
2306,296,1661,0.00925700,1830,0,1
2307,297,1662,0.00925700,1847,0,1
2308,303,1663,0.00925700,1754,0,1
2309,302,1664,0.00925700,1754,0,1
2310,308,1665,0.15505900,99999,0,2
2311,308,1666,0.15505900,99999,0,2
2312,15,1667,0.06579000,99999,0,1
2313,16,1668,0.06579000,99999,0,1
2314,592,1669,0.10000000,99999,0,1
2315,329,1670,0.01954000,722,0,1
2316,327,1671,0.02022700,684,0,1
2317,328,1672,0.01954000,681,0,1
2318,330,1673,0.02157600,708,0,1
2319,331,1674,0.31428600,99999,0,2
2320,345,1675,0.33343400,99999,0,2
2321,345,1676,0.33343400,99999,0,2
2322,405,1677,0.24240000,99999,0,2
2323,405,1678,0.24240000,99999,0,2
2324,405,1679,0.24240000,99999,0,2
2325,405,1680,0.24240000,99999,0,2
2326,405,1681,0.24240000,99999,0,2
2327,405,1682,0.24240000,99999,0,2
2328,372,1683,0.01268500,1129,0,2
2329,371,1684,0.01268500,1130,0,2
2330,373,1685,0.01261100,1133,0,2
2331,374,1686,0.01261100,1051,0,2
2332,382,1687,0.18181800,99999,0,2
2333,382,1688,0.18181800,99999,0,2
2334,382,1689,0.18181800,99999,0,2
2335,391,1690,0.04123100,287,0,2
2336,390,1691,0.27349400,99999,0,2
2337,401,1692,0.03283100,309,0,1
2338,425,1693,0.08938900,99999,0,1
2339,426,1694,0.08938900,99999,0,1
2340,426,1695,0.05659700,99999,0,1
2341,425,1696,0.05659700,99999,0,1
2342,440,1697,0.01268500,1049,0,1
2343,439,1698,0.01268500,1049,0,1
2344,441,1699,0.01268500,1057,0,1
2345,442,1700,0.01268500,1074,0,1
2346,453,1701,0.34583800,99999,0,2
2347,491,1702,0.26675300,99999,0,2
2348,490,1703,0.26675300,99999,0,2
2349,489,1704,0.26675300,99999,0,2
2350,494,1705,0.00930300,1636,0,1
2351,497,1706,0.00930300,1637,0,1
2352,524,1707,0.51015900,99999,0,1
2353,525,1708,0.51015900,99999,0,1
2354,526,1709,0.51015900,99999,0,1
2355,527,1710,0.51015900,99999,0,1
2356,542,1711,0.12821400,99999,0,2
2357,543,1712,0.12821400,99999,0,2
2358,543,1713,0.12821400,99999,0,2
2359,543,1714,0.14837500,99999,0,2
2360,542,1715,0.14837500,99999,0,2
2361,550,1716,0.47948000,99999,0,1
2362,547,1717,0.47948000,99999,0,1
2363,545,1718,0.47948000,99999,0,1
2364,546,1719,0.47948000,99999,0,1
2365,549,1720,0.47948000,99999,0,1
2366,552,1721,0.40012500,99999,0,2
2367,552,1722,0.40012500,99999,0,2
2368,560,1723,0.00890900,1534,0,2
2369,561,1724,0.00890900,1534,0,2
2370,562,1725,0.45728200,99999,0,2
2371,562,1726,0.45728200,99999,0,2
2372,567,1727,0.04247600,99999,0,2
2373,569,1728,0.30279500,99999,0,2
2374,569,1729,0.30279500,99999,0,2
2375,576,1730,0.01268500,1146,0,1
2376,577,1731,0.01268500,1136,0,1
2377,575,1732,0.01268500,1149,0,1
2378,573,1733,0.01268500,1136,0,1
2379,574,1734,0.01268500,1146,0,1
2380,572,1735,0.01268500,1147,0,1
2381,599,1736,0.04111200,276,0,1
2382,1302,1737,0.08252900,99999,0,2
2383,1302,1738,0.08252900,99999,0,2
2384,1302,1739,0.08252900,99999,0,2
2385,1302,1740,0.08252900,99999,0,2
2386,1302,1741,0.08252900,99999,0,2
2387,1302,1742,0.08252900,99999,0,2
2388,1302,1743,0.08252900,99999,0,2
2389,1302,1744,0.08252900,99999,0,2
2390,1302,1745,0.08252900,99999,0,2
2391,1302,1746,0.08252900,99999,0,2
2392,1302,1747,0.08252900,99999,0,2
2393,1302,1748,0.08252900,99999,0,2
2394,609,1749,0.02908100,519,0,1
2395,620,1750,0.04496500,310,0,1
2396,619,1751,0.02022700,655,0,1
2397,621,1752,0.02119700,656,0,1
2398,625,1753,0.20322600,99999,0,2
2399,625,1754,0.20322600,99999,0,2
2400,632,1755,0.37284600,99999,0,2
2401,632,1756,0.37284600,99999,0,2
2402,664,1757,0.30255000,99999,0,2
2403,665,1758,0.30255000,99999,0,2
2404,662,1759,0.30255000,99999,0,2
2405,663,1760,0.30255000,99999,0,2
2406,667,1761,0.33355900,99999,0,2
2407,666,1762,0.33355900,99999,0,2
2408,669,1763,0.52517400,99999,0,2
2409,686,1764,0.46014400,99999,0,2
2410,731,1765,0.31285700,99999,0,2
2411,731,1766,0.31285700,99999,0,2
2412,731,1767,0.31285700,99999,0,2
2413,731,1768,0.31285700,99999,0,2
2414,723,1769,0.04820700,258,0,2
2415,728,1770,0.22007800,99999,0,2
2416,728,1771,0.22007800,99999,0,2
2417,739,1772,0.12037500,99999,0,2
2418,739,1773,0.17125000,99999,0,2
2419,739,1774,0.13875000,99999,0,2
2420,739,1775,0.12037500,99999,0,2
2421,741,1776,0.32941200,99999,0,2
2422,741,1777,0.32941200,99999,0,2
2423,741,1778,0.32941200,99999,0,2
2424,747,1779,0.18163600,99999,0,2
2425,749,1780,0.36011300,99999,0,2
2426,749,1781,0.36011300,99999,0,2
2427,749,1782,0.36011300,99999,0,2
2428,749,1783,0.36011300,99999,0,2
2429,773,1784,0.04496500,282,0,1
2430,774,1785,0.04496500,281,0,1
2431,786,1786,0.48275100,99999,0,2
2432,786,1787,0.48275100,99999,0,2
2433,141,1788,0.10632000,99999,0,2
2434,142,1789,0.10632000,99999,0,2
2435,1195,1790,0.08463600,99999,0,2
2436,106,1791,0.03172300,275,0,2
2437,831,1792,0.25608000,99999,0,2
2438,831,1793,0.25608000,99999,0,2
2439,834,1794,0.05160000,99999,0,1
2440,833,1795,0.05160000,99999,0,1
2441,837,1796,0.05920000,99999,0,2
2442,837,1797,0.05960000,99999,0,2
2443,836,1798,0.05960000,99999,0,2
2444,836,1799,0.05972000,99999,0,2
2445,844,1800,0.15879000,99999,0,2
2446,844,1801,0.15879000,99999,0,2
2447,487,1802,0.01268500,1221,0,2
2448,486,1803,0.01268500,1224,0,2
2449,852,1804,0.29533200,99999,0,1
2450,850,1805,0.29533200,99999,0,1
2451,851,1806,0.29533200,99999,0,1
2452,860,1807,0.03299000,99999,0,2
2453,860,1808,0.04269000,99999,0,2
2454,861,1809,0.03426900,99999,0,2
2455,887,1810,0.00930300,1750,0,1
2456,890,1811,0.14415400,99999,0,2
2457,890,1812,0.14415400,99999,0,2
2458,890,1813,0.14415400,99999,0,2
2459,892,1814,0.29705900,99999,0,2
2460,900,1815,0.28729400,99999,0,2
2461,906,1816,0.00890900,1674,0,1
2462,907,1817,0.00890900,1676,0,1
2463,909,1818,0.00890900,1681,0,1
2464,908,1819,0.00890900,1584,0,1
2465,915,1820,0.38979200,99999,0,2
2466,923,1821,0.00930300,1686,0,1
2467,924,1822,0.00930300,1687,0,1
2468,940,1823,0.02148500,99999,0,1
2469,942,1824,0.02148500,99999,0,1
2470,941,1825,0.02148500,316,0,1
2471,943,1826,0.01973700,99999,0,1
2472,946,1827,0.31438800,99999,0,2
2473,946,1828,0.31438800,99999,0,2
2474,946,1829,0.31438800,99999,0,2
2475,946,1830,0.31817000,99999,0,2
2476,947,1831,0.15629900,99999,0,2
2477,947,1832,0.15629900,99999,0,2
2478,957,1833,0.04496500,99999,0,2
2479,956,1834,0.02022700,590,0,2
2480,975,1835,0.21436700,99999,0,2
2481,981,1836,0.73354800,99999,0,2
2482,998,1837,0.04674800,503,0,1
2483,1005,1838,0.28363600,99999,0,2
2484,1013,1839,0.15504800,99999,0,1
2485,1012,1840,0.15504800,99999,0,1
2486,1011,1841,0.15504800,99999,0,1
2487,1014,1842,0.32790400,99999,0,2
2488,1014,1843,0.32790400,99999,0,2
2489,1014,1844,0.32790400,99999,0,2
2490,1014,1845,0.32790400,99999,0,2
2491,1040,1846,0.07740000,99999,0,1
2492,1041,1847,0.06037000,99999,0,1
2493,1042,1848,0.07740000,99999,0,1
2494,1043,1849,0.07740000,99999,0,1
2495,1050,1850,0.28579900,99999,0,1
2496,1048,1851,0.28579900,99999,0,1
2497,1049,1852,0.28579900,99999,0,1
2498,173,1853,0.33040300,99999,0,2
2499,172,1854,0.33040300,99999,0,2
2500,171,1855,0.33040300,99999,0,2
2501,170,1856,0.33040300,99999,0,2
2502,169,1857,0.33040300,99999,0,2
2503,1098,1858,0.26199100,99999,0,2
2504,1098,1859,0.26199100,99999,0,2
2505,1101,1860,0.31759100,99999,0,2
2506,1102,1861,0.32941200,99999,0,2
2507,1102,1862,0.32941200,99999,0,2
2508,1107,1863,0.30231200,99999,0,2
2509,1107,1864,0.29009100,99999,0,2
2510,1107,1865,0.29010100,99999,0,2
2511,1107,1866,0.17505900,99999,0,2
2512,1115,1867,0.16794900,99999,0,2
2513,1115,1868,0.16794900,99999,0,2
2514,1119,1869,0.73362500,99999,0,2
2515,1119,1870,0.73362500,99999,0,2
2516,1142,1871,0.12444400,99999,0,2
2517,1142,1872,0.12444400,99999,0,2
2518,1142,1873,0.12444400,99999,0,2
2519,1142,1874,0.12444400,99999,0,2
2520,1144,1875,0.08882800,99999,0,2
2521,1144,1876,0.08882800,99999,0,2
2522,1155,1877,0.00930300,1615,0,2
2523,1154,1878,0.00930300,1613,0,2
2524,470,1879,0.03594200,99999,0,1
2525,471,1880,0.01969700,570,0,1
2526,468,1881,0.03741900,99999,0,1
2527,469,1882,0.03711700,99999,0,1
2528,1169,1883,0.24436400,99999,0,2
2529,1169,1884,0.24436400,99999,0,2
2530,1171,1885,0.22600000,99999,0,2
2531,1171,1886,0.22600000,99999,0,2
2532,1172,1887,0.14893600,99999,0,2
2533,1172,1888,0.21875000,99999,0,2
2534,1176,1889,0.01261100,1085,0,1
2535,1175,1890,0.01261100,1088,0,1
2536,1179,1891,0.19920000,99999,0,2
2537,1179,1892,0.19920000,99999,0,2
2538,1179,1893,0.19920000,99999,0,2
2539,1200,1894,0.19327300,99999,0,2
2540,1208,1895,0.42812400,99999,0,1
2541,1211,1896,0.42812400,99999,0,1
2542,1210,1897,0.42812400,99999,0,1
2543,1209,1898,0.42812400,99999,0,1
2544,1215,1899,0.09276500,99999,0,2
2545,1215,1900,0.09276500,99999,0,2
2546,1215,1901,0.09276500,99999,0,2
2547,1219,1902,0.11950000,99999,0,2
2548,1219,1903,0.11950000,99999,0,2
2549,1219,1904,0.11950000,99999,0,2
2550,1263,1905,0.01276900,1137,0,2
2551,1264,1906,0.01276900,1135,0,2
2552,1266,1907,0.01276900,1139,0,2
2553,1265,1908,0.01276900,1140,0,2
2554,1292,1909,0.05058800,99999,0,1
2555,1292,1910,0.05058800,99999,0,1
2556,1291,1911,0.05058800,99999,0,1
2557,1334,1912,0.04496500,296,0,1
2558,1333,1913,0.04496500,289,0,1
2559,1337,1914,0.07076900,99999,0,2
2560,1354,1915,0.31804900,99999,0,2
2561,1353,1916,0.31804900,99999,0,2
2562,1352,1917,0.31804900,99999,0,1
2563,1360,1918,0.15125000,99999,0,2
2564,1360,1919,0.15125000,99999,0,2
2565,745,1920,0.00005000,1974,0,1
2566,745,1921,0.00005000,1974,0,1
2567,953,1922,0.01349100,401,0,2
2568,718,1923,0.00684200,1474,0,1
2569,35,1924,0.01412400,470,0,2
2570,1141,1925,0.00314800,1579,0,2
2571,825,1926,0.00624700,506,0,1
2572,857,1927,0.00185600,506,0,1
2573,769,1928,0.00809200,1474,0,1
2574,70,1929,0.00469900,1711,0,1
2575,743,1930,0.00568900,1253,0,2
2576,1141,1931,0.00516300,1316,0,2
2577,947,1932,0.02013800,336,0,2
2578,1459,1933,0.00452300,454,0,2
2579,210,1934,0.01654300,1579,0,2
2580,1355,1935,0.00587900,502,0,2
2581,847,1936,0.00284100,1974,0,2
2582,1161,1937,0.00758700,288,0,1
2583,1324,1938,0.00355600,1790,0,1
2584,1325,1939,0.00355600,1790,0,1
2585,298,1940,0.02220300,461,0,1
2586,36,1941,0.00586500,1624,0,2
2587,1140,1942,0.00522500,1487,0,2
2588,336,1943,0.03470100,323,0,2
2589,7,1944,0.01959800,1559,0,2
2590,8,1945,0.01959800,1559,0,2
2591,337,1946,0.02680500,323,0,2
2592,1337,1947,0.00401300,1316,0,2
2593,543,1948,0.00929400,428,0,2
2594,543,1949,0.00930400,428,0,2
2595,210,1950,0.00085500,1382,0,2
2596,86,1951,0.01138200,1624,0,2
